ticker,fiscalDateEnding,reportedEPS
MSFT,2021-09-30,2.27
MSFT,2021-06-30,7.97
MSFT,2020-06-30,5.75
MSFT,2019-06-30,4.75
MSFT,2018-06-30,3.88
MSFT,2017-06-30,3.31
MSFT,2016-06-30,2.76
MSFT,2015-06-30,2.46
MSFT,2014-06-30,2.63
MSFT,2013-06-30,2.67
MSFT,2012-06-30,2.73
MSFT,2011-06-30,2.69
MSFT,2010-06-30,2.1
MSFT,2009-06-30,1.7
MSFT,2008-06-30,1.88
MSFT,2007-06-30,1.49
MSFT,2006-06-30,1.27
MSFT,2005-06-30,1.3
MSFT,2004-06-30,1.26
MSFT,2003-06-30,1.05
MSFT,2002-06-30,0.93
MSFT,2001-06-30,0.91
MSFT,2000-06-30,0.87
MSFT,1999-06-30,0.71
MSFT,1998-06-30,0.46
MSFT,1997-06-30,0.33
MSFT,1996-06-30,0.215
AAPL,2021-09-30,5.62
AAPL,2020-09-30,3.27
AAPL,2019-09-30,2.98
AAPL,2018-09-30,2.97
AAPL,2017-09-30,2.3
AAPL,2016-09-30,2.0675
AAPL,2015-09-30,2.3
AAPL,2014-09-30,1.6075
AAPL,2013-09-30,1.415
AAPL,2012-09-30,1.5775
AAPL,2011-09-30,0.9875
AAPL,2010-09-30,0.54
AAPL,2009-09-30,0.2225
AAPL,2008-09-30,0.38
AAPL,2007-09-30,0.55
AAPL,2006-09-30,0.33
AAPL,2005-09-30,0.2
AAPL,2004-09-30,0.05
AAPL,2003-09-30,0.0112
AAPL,2002-09-30,0.0198
AAPL,2001-09-30,0.0061
AAPL,2000-09-30,0.11
AAPL,1999-09-30,0.09
AAPL,1998-09-30,0.06
AAPL,1997-09-30,-0.1114
AAPL,1996-09-30,-0.1082
AMZN,2021-09-30,37.03
AMZN,2020-12-31,41.77
AMZN,2019-12-31,23.01
AMZN,2018-12-31,20.13
AMZN,2017-12-31,4.5512
AMZN,2016-12-31,4.91
AMZN,2015-12-31,1.24
AMZN,2014-12-31,-0.54
AMZN,2013-12-31,0.58
AMZN,2012-12-31,0.42
AMZN,2011-12-31,1.37
AMZN,2010-12-31,2.53
AMZN,2009-12-31,2.03
AMZN,2008-12-31,1.5
AMZN,2007-12-31,1.12
AMZN,2006-12-31,0.45
AMZN,2005-12-31,0.84
AMZN,2004-12-31,0.93
AMZN,2003-12-31,0.6
AMZN,2002-12-31,0.0776
AMZN,2001-12-31,-0.44
AMZN,2000-12-31,-1.18
AMZN,1999-12-31,-1.17
AMZN,1998-12-31,-0.25
AMZN,1997-12-31,-0.08
TSLA,2021-09-30,4.24
TSLA,2020-12-31,2.2241
TSLA,2019-12-31,-0.0192
TSLA,2018-12-31,-0.316
TSLA,2017-12-31,-1.724
TSLA,2016-12-31,-0.322
TSLA,2015-12-31,-0.516
TSLA,2014-12-31,0.024
TSLA,2013-12-31,0.41
TSLA,2012-12-31,-3.22
TSLA,2011-12-31,-2.21
TSLA,2010-12-31,-0.9212
FB,2021-09-30,10.13
FB,2020-12-31,9.79
FB,2019-12-31,8.56
FB,2018-12-31,7.57
FB,2017-12-31,6.4789
FB,2016-12-31,4.24
FB,2015-12-31,2.28
FB,2014-12-31,1.73
FB,2013-12-31,0.87
FB,2012-12-31,0.4745
NVDA,2021-10-31,1.955
NVDA,2021-01-31,2.4975
NVDA,2020-01-31,1.4475
NVDA,2019-01-31,1.6575
NVDA,2018-01-31,1.2275
NVDA,2017-01-31,1.5075
NVDA,2016-01-31,1.25
NVDA,2015-01-31,1.09
NVDA,2014-01-31,0.73
NVDA,2013-01-31,0.93
NVDA,2012-01-31,0.95
NVDA,2011-01-31,0.64
NVDA,2010-01-31,0.4
NVDA,2009-01-31,0.51
NVDA,2008-01-31,1.55
NVDA,2007-01-31,0.7675
NVDA,2006-01-31,0.69
NVDA,2005-01-31,0.38
NVDA,2004-01-31,0.22
NVDA,2003-01-31,0.27
NVDA,2002-01-31,0.27
NVDA,2001-01-31,0.16
NVDA,2000-01-31,0.09
BRK-B,2021-09-30,8.85
BRK-B,2020-12-31,9.14
BRK-B,2019-12-31,4705.86
BRK-B,2018-12-31,10.04
BRK-B,2017-12-31,5.86
BRK-B,2016-12-31,7.14
BRK-B,2015-12-31,7.05
BRK-B,2014-12-31,4786.53
BRK-B,2013-12-31,9212
BRK-B,2012-12-31,7628
BRK-B,2011-12-31,6530
BRK-B,2010-12-31,6774
BRK-B,2009-12-31,4880
BRK-B,2008-12-31,6223
BRK-B,2007-12-31,6232
BRK-B,2006-12-31,6036
BRK-B,2005-12-31,3196
BRK-B,2004-12-31,3283
BRK-B,2003-12-31,3531
BRK-B,2002-12-31,2543
BRK-B,2001-12-31,-332.7353
BRK-B,2000-12-31,358.8271
BRK-B,1999-12-31,0.6839
BRK-B,1998-12-31,1.5112
JPM,2021-09-30,11.92
JPM,2020-12-31,10.13
JPM,2019-12-31,10.72
JPM,2018-12-31,8.87
JPM,2017-12-31,6.8785
JPM,2016-12-31,6.06
JPM,2015-12-31,5.99
JPM,2014-12-31,5.29
JPM,2013-12-31,6.01
JPM,2012-12-31,5.27
JPM,2011-12-31,4.47
JPM,2010-12-31,3.6
JPM,2009-12-31,2.24
JPM,2008-12-31,1.4
JPM,2007-12-31,4.37
JPM,2006-12-31,3.86
JPM,2005-12-31,2.95
JPM,2004-12-31,3.01
JPM,2003-12-31,3.25
JPM,2002-12-31,1.24
JPM,2001-12-31,1.97
JPM,2000-12-31,3.06
JPM,1999-12-31,4.17
JPM,1998-12-31,3.03
JPM,1997-12-31,2.75
JPM,1996-12-31,2.5
V,2021-09-30,5.91
V,2020-09-30,5.03
V,2019-09-30,5.45
V,2018-09-30,4.6
V,2017-09-30,3.48
V,2016-09-30,2.84
V,2015-09-30,2.62
V,2014-09-30,2.19
V,2013-09-30,1.87
V,2012-09-30,1.55
V,2011-09-30,1.26
V,2010-09-30,1.01
V,2009-09-30,0.74
V,2008-09-30,0.42
JNJ,2021-09-30,7.67
JNJ,2020-12-31,8.03
JNJ,2019-12-31,8.68
JNJ,2018-12-31,8.18
JNJ,2017-12-31,7.3
JNJ,2016-12-31,6.68
JNJ,2015-12-31,6.2
JNJ,2014-12-31,5.97
JNJ,2013-12-31,5.52
JNJ,2012-12-31,5.11
JNJ,2011-12-31,5
JNJ,2010-12-31,4.76
JNJ,2009-12-31,4.63
JNJ,2008-12-31,4.55
JNJ,2007-12-31,4.15
JNJ,2006-12-31,3.76
JNJ,2005-12-31,3.5
JNJ,2004-12-31,3.1
JNJ,2003-12-31,2.65
JNJ,2002-12-31,2.22
JNJ,2001-12-31,1.9
JNJ,2000-12-31,1.72
JNJ,1999-12-31,1.51
JNJ,1998-12-31,1.35
JNJ,1997-12-31,1.24
JNJ,1996-12-31,1.09
UNH,2021-09-30,14.53
UNH,2020-12-31,16.87
UNH,2019-12-31,15.11
UNH,2018-12-31,12.87
UNH,2017-12-31,10.08
UNH,2016-12-31,8.05
UNH,2015-12-31,6.15
UNH,2014-12-31,5.7
UNH,2013-12-31,5.5
UNH,2012-12-31,5.28
UNH,2011-12-31,4.72
UNH,2010-12-31,4.21
UNH,2009-12-31,3.24
UNH,2008-12-31,2.96
UNH,2007-12-31,3.48
UNH,2006-12-31,2.98
UNH,2005-12-31,2.48
UNH,2004-12-31,1.98
UNH,2003-12-31,1.49
UNH,2002-12-31,1.06
UNH,2001-12-31,0.7
UNH,2000-12-31,0.53
UNH,1999-12-31,0.4
UNH,1998-12-31,0.32
UNH,1997-12-31,0.28
UNH,1996-12-31,0.25
WMT,2021-10-31,3.47
WMT,2021-01-31,5.47
WMT,2020-01-31,4.94
WMT,2019-01-31,4.92
WMT,2018-01-31,4.41
WMT,2017-01-31,4.33
WMT,2016-01-31,4.59
WMT,2015-01-31,5.07
WMT,2014-01-31,5.13
WMT,2013-01-31,5.02
WMT,2012-01-31,4.48
WMT,2011-01-31,4.09
WMT,2010-01-31,3.66
WMT,2009-01-31,3.42
WMT,2008-01-31,3.13
WMT,2007-01-31,2.89
WMT,2006-01-31,2.63
WMT,2005-01-31,2.41
WMT,2004-01-31,2.02
WMT,2003-01-31,1.81
WMT,2002-01-31,1.5
WMT,2001-01-31,1.42
WMT,2000-01-31,1.28
WMT,1999-01-31,1
WMT,1998-01-31,0.78
WMT,1997-01-31,0.68
fiscalDateEnding,reportedEPS
HD,2021-08-31,9.06
HD,2021-02-28,13.8
HD,2020-02-29,10.06
HD,2019-02-28,10.08
HD,2018-02-28,7.86
HD,2017-02-28,6.68
HD,2016-02-29,5.67
HD,2015-02-28,4.84
HD,2014-02-28,3.88
HD,2013-02-28,3.25
HD,2012-02-29,2.61
HD,2011-02-28,2.09
HD,2010-02-28,1.74
HD,2009-02-28,1.7
HD,2008-02-29,2.17
HD,2007-02-28,2.61
HD,2006-02-28,2.84
HD,2005-02-28,2.34
HD,2004-02-29,1.97
HD,2003-02-28,1.59
HD,2002-02-28,1.38
HD,2001-02-28,1.11
HD,2000-02-29,1.06
HD,1999-02-28,0.79
HD,1998-02-28,0.58
HD,1997-02-28,0.46
HD,1996-02-29,0.09
fiscalDateEnding,reportedEPS
BAC,2021-09-30,2.74
BAC,2020-12-31,1.87
BAC,2019-12-31,2.93
BAC,2018-12-31,2.61
BAC,2017-12-31,1.82
BAC,2016-12-31,1.38
BAC,2015-12-31,1.37
BAC,2014-12-31,0.56
BAC,2013-12-31,1.01
BAC,2012-12-31,0.4369
BAC,2011-12-31,-0.27
BAC,2010-12-31,0.86
BAC,2009-12-31,-0.09
BAC,2008-12-31,0.62
BAC,2007-12-31,3.32
BAC,2006-12-31,4.71
BAC,2005-12-31,4.22
BAC,2004-12-31,3.7
BAC,2003-12-31,3.58
BAC,2002-12-31,2.97
BAC,2001-12-31,2.47
BAC,2000-12-31,2.38
BAC,1999-12-31,2.36
BAC,1998-12-31,1.89
BAC,1997-12-31,2.08
BAC,1996-12-31,2.04
PG,2021-09-30,1.61
PG,2021-06-30,5.66
PG,2020-06-30,5.12
PG,2019-06-30,4.53
PG,2018-06-30,4.22
PG,2017-06-30,3.92
PG,2016-06-30,3.67
PG,2015-06-30,4.05
PG,2014-06-30,4.25
PG,2013-06-30,4.06
PG,2012-06-30,3.89
PG,2011-06-30,3.95
PG,2010-06-30,4.09
PG,2009-06-30,4.25
PG,2008-06-30,3.64
PG,2007-06-30,3.04
PG,2006-06-30,2.67
PG,2005-06-30,2.66
PG,2004-06-30,2.33
PG,2003-06-30,2.03
PG,2002-06-30,1.79
PG,2001-06-30,1.57
PG,2000-06-30,1.48
PG,1999-06-30,1.45
PG,1998-06-30,1.36
PG,1997-06-30,1.23
PG,1996-06-30,1.08
MA,2021-09-30,6.06
MA,2020-12-31,6.43
MA,2019-12-31,7.78
MA,2018-12-31,6.49
MA,2017-12-31,4.59
MA,2016-12-31,3.76
MA,2015-12-31,3.44
MA,2014-12-31,3.09
MA,2013-12-31,2.62
MA,2012-12-31,2.21
MA,2011-12-31,1.87
MA,2010-12-31,1.41
MA,2009-12-31,1.12
MA,2008-12-31,0.91
MA,2007-12-31,0.57
MA,2006-12-31,0.3667
ADBE,2021-08-31,9.28
ADBE,2020-11-30,10.1
ADBE,2019-11-30,7.88
ADBE,2018-11-30,6.77
ADBE,2017-11-30,4.32
ADBE,2016-11-30,3.02
ADBE,2015-11-30,2.08
ADBE,2014-11-30,1.31
ADBE,2013-11-30,1.35
ADBE,2012-11-30,2.36
ADBE,2011-11-30,2.35
ADBE,2010-11-30,1.94
ADBE,2009-11-30,1.54
ADBE,2008-11-30,2.08
ADBE,2007-11-30,1.61
ADBE,2006-11-30,1.25
ADBE,2005-11-30,1.14
ADBE,2004-11-30,0.91
ADBE,2003-11-30,0.58
ADBE,2002-11-30,0.49
ADBE,2001-11-30,0.58
ADBE,2000-11-30,0.56
ADBE,1999-11-30,0.39
ADBE,1998-11-30,0.24
ADBE,1997-11-30,0.29
ADBE,1996-11-30,0.1
DIS,2021-09-30,2.23
DIS,2020-09-30,2.01
DIS,2019-09-30,5.87
DIS,2018-09-30,7.08
DIS,2017-09-30,5.7
DIS,2016-09-30,5.71
DIS,2015-09-30,5.15
DIS,2014-09-30,4.32
DIS,2013-09-30,3.38
DIS,2012-09-30,3.07
DIS,2011-09-30,2.54
DIS,2010-09-30,2.07
DIS,2009-09-30,1.82
DIS,2008-09-30,2.26
DIS,2007-09-30,1.92
DIS,2006-09-30,1.61
DIS,2005-09-30,1.31
DIS,2004-09-30,1.09
DIS,2003-09-30,0.64
DIS,2002-09-30,0.56
DIS,2001-09-30,0.74
DIS,2000-09-30,0.88
DIS,1999-09-30,0.66
DIS,1998-09-30,0.88
DIS,1997-09-30,0.92
DIS,1996-09-30,0.52
CRM,2021-10-31,2.69
CRM,2021-01-31,4.92
CRM,2020-01-31,3
CRM,2019-01-31,2.76
CRM,2018-01-31,1.35
CRM,2017-01-31,1
CRM,2016-01-31,0.75
CRM,2015-01-31,0.52
CRM,2014-01-31,0.35
CRM,2013-01-31,0.41
CRM,2012-01-31,0.35
CRM,2011-01-31,0.31
CRM,2010-01-31,0.16
CRM,2009-01-31,0.09
CRM,2008-01-31,0.05
CRM,2007-01-31,0.07
CRM,2006-01-31,0.04
CRM,2005-01-31,0.0173
XOM,2021-09-30,3.33
XOM,2020-12-31,-0.32
XOM,2019-12-31,2.25
XOM,2018-12-31,4.9709
XOM,2017-12-31,3.54
XOM,2016-12-31,2.358
XOM,2015-12-31,3.85
XOM,2014-12-31,7.36
XOM,2013-12-31,7.37
XOM,2012-12-31,8.09
XOM,2011-12-31,8.42
XOM,2010-12-31,6.22
XOM,2009-12-31,4.01
XOM,2008-12-31,8.44
XOM,2007-12-31,7.28
XOM,2006-12-31,6.55
XOM,2005-12-31,5.35
XOM,2004-12-31,3.97
XOM,2003-12-31,2.56
XOM,2002-12-31,1.7
XOM,2001-12-31,1.91
XOM,2000-12-31,2.41
XOM,1999-12-31,1.19
XOM,1998-12-31,1.31
XOM,1997-12-31,1.71
XOM,1996-12-31,1.4
NKE,2021-08-31,1.16
NKE,2021-05-31,3.56
NKE,2020-05-31,1.83
NKE,2019-05-31,2.49
NKE,2018-05-31,2.4
NKE,2017-05-31,2.51
NKE,2016-05-31,2.16
NKE,2015-05-31,1.86
NKE,2014-05-31,1.5
NKE,2013-05-31,1.34
NKE,2012-05-31,1.18
NKE,2011-05-31,1.1
NKE,2010-05-31,0.97
NKE,2009-05-31,0.96
NKE,2008-05-31,0.94
NKE,2007-05-31,0.73
NKE,2006-05-31,0.67
NKE,2005-05-31,0.56
NKE,2004-05-31,0.43
NKE,2003-05-31,0.35
NKE,2002-05-31,0.31
NKE,2001-05-31,0.28
NKE,2000-05-31,0.27
NKE,1999-05-31,0.21
NKE,1998-05-31,0.21
NKE,1997-05-31,0.35
NKE,1996-05-31,0.24
ORCL,2021-08-31,1.03
ORCL,2021-05-31,4.69
ORCL,2020-05-31,3.88
ORCL,2019-05-31,3.54
ORCL,2018-05-31,3.14
ORCL,2017-05-31,2.74
ORCL,2016-05-31,2.61
ORCL,2015-05-31,2.77
ORCL,2014-05-31,2.88
ORCL,2013-05-31,2.69
ORCL,2012-05-31,2.46
ORCL,2011-05-31,2.22
ORCL,2010-05-31,1.67
ORCL,2009-05-31,1.44
ORCL,2008-05-31,1.3
ORCL,2007-05-31,1.02
ORCL,2006-05-31,0.81
ORCL,2005-05-31,0.68
ORCL,2004-05-31,0.51
ORCL,2003-05-31,0.44
ORCL,2002-05-31,0.42
ORCL,2001-05-31,0.45
ORCL,2000-05-31,0.36
ORCL,1999-05-31,0.22
ORCL,1998-05-31,0.17
ORCL,1997-05-31,0.14
ORCL,1996-05-31,0.0916
TMO,2021-09-30,18.57
TMO,2020-12-31,19.55
TMO,2019-12-31,12.34
TMO,2018-12-31,11.12
TMO,2017-12-31,9.48
TMO,2016-12-31,8.27
TMO,2015-12-31,7.39
TMO,2014-12-31,6.95
TMO,2013-12-31,5.42
TMO,2012-12-31,4.94
TMO,2011-12-31,4.16
TMO,2010-12-31,3.58
TMO,2009-12-31,3.05
TMO,2008-12-31,3.17
TMO,2007-12-31,2.65
TMO,2006-12-31,1.82
TMO,2005-12-31,1.56
TMO,2004-12-31,1.26
TMO,2003-12-31,1.1
TMO,2002-12-31,0.98
TMO,2001-12-31,0.91
TMO,2000-12-31,0.62
TMO,1999-12-31,0.87
TMO,1998-12-31,1.22
TMO,1997-12-31,1.59
TMO,1996-12-31,1.35
LLY,2021-09-30,5.68
LLY,2020-12-31,7.93
LLY,2019-12-31,6.04
LLY,2018-12-31,5.56
LLY,2017-12-31,4.28
LLY,2016-12-31,3.52
LLY,2015-12-31,3.44
LLY,2014-12-31,2.79
LLY,2013-12-31,4.15
LLY,2012-12-31,3.39
LLY,2011-12-31,4.42
LLY,2010-12-31,4.74
LLY,2009-12-31,4.43
LLY,2008-12-31,4.02
LLY,2007-12-31,3.55
LLY,2006-12-31,3.18
LLY,2005-12-31,2.88
LLY,2004-12-31,2.82
LLY,2003-12-31,2.58
LLY,2002-12-31,2.55
LLY,2001-12-31,2.76
LLY,2000-12-31,2.65
LLY,1999-12-31,2.28
LLY,1998-12-31,1.95
LLY,1997-12-31,1.61
LLY,1996-12-31,1.4
PFE,2021-09-30,3.34
PFE,2020-12-31,2.72
PFE,2019-12-31,2.95
PFE,2018-12-31,3
PFE,2017-12-31,2.65
PFE,2016-12-31,2.39
PFE,2015-12-31,2.2
PFE,2014-12-31,2.26
PFE,2013-12-31,2.24
PFE,2012-12-31,2.2
PFE,2011-12-31,2.32
PFE,2010-12-31,2.23
PFE,2009-12-31,2.02
PFE,2008-12-31,2.43
PFE,2007-12-31,2.2
PFE,2006-12-31,2.08
PFE,2005-12-31,2.02
PFE,2004-12-31,2.12
PFE,2003-12-31,1.75
PFE,2002-12-31,1.59
PFE,2001-12-31,1.31
PFE,2000-12-31,1.05
PFE,1999-12-31,0.88
PFE,1998-12-31,0.7
PFE,1997-12-31,0.57
PFE,1996-12-31,0.5
KO,2021-09-30,1.88
KO,2020-12-31,1.95
KO,2019-12-31,2.11
KO,2018-12-31,2.09
KO,2017-12-31,1.91
KO,2016-12-31,1.91
KO,2015-12-31,2
KO,2014-12-31,2.05
KO,2013-12-31,2.08
KO,2012-12-31,2.02
KO,2011-12-31,1.94
KO,2010-12-31,1.75
KO,2009-12-31,1.53
KO,2008-12-31,1.59
KO,2007-12-31,1.36
KO,2006-12-31,1.19
KO,2005-12-31,1.09
KO,2004-12-31,1.03
KO,2003-12-31,0.98
KO,2002-12-31,0.89
KO,2001-12-31,0.83
KO,2000-12-31,0.73
KO,1999-12-31,0.66
KO,1998-12-31,0.71
KO,1997-12-31,0.82
KO,1996-12-31,0.71
PYPL,2021-09-30,3.48
PYPL,2020-12-31,3.88
PYPL,2019-12-31,3.11
PYPL,2018-12-31,2.42
PYPL,2017-12-31,1.91
PYPL,2016-12-31,1.5
PYPL,2015-12-31,1.25
CMCSA,2021-09-30,2.47
CMCSA,2020-12-31,2.61
CMCSA,2019-12-31,3.12
CMCSA,2018-12-31,2.56
CMCSA,2017-12-31,2.06
CMCSA,2016-12-31,1.74
CMCSA,2015-12-31,1.635
CMCSA,2014-12-31,2.45
CMCSA,2013-12-31,1.25
CMCSA,2012-12-31,0.97
CMCSA,2011-12-31,0.79
CMCSA,2010-12-31,0.66
CMCSA,2009-12-31,0.65
CMCSA,2008-12-31,0.48
CMCSA,2007-12-31,0.38
CMCSA,2006-12-31,0.3
CMCSA,2005-12-31,0.16
CMCSA,2004-12-31,0.14
CMCSA,2003-12-31,-0.0033
CMCSA,2002-12-31,0.26
CMCSA,2001-12-31,-0.52
CMCSA,2000-12-31,0.32
CMCSA,1999-12-31,-0.08
CMCSA,1998-12-31,0.5026
CMCSA,1997-12-31,-0.05
CMCSA,1996-12-31,-0.02
CSCO,2021-10-31,0
CSCO,2021-07-31,3.22
CSCO,2020-07-31,3.2
CSCO,2019-07-31,3.09
CSCO,2018-07-31,2.6
CSCO,2017-07-31,2.39
CSCO,2016-07-31,2.36
CSCO,2015-07-31,2.2
CSCO,2014-07-31,2.06
CSCO,2013-07-31,2.02
CSCO,2012-07-31,1.85
CSCO,2011-07-31,1.61
CSCO,2010-07-31,1.61
CSCO,2009-07-31,1.35
CSCO,2008-07-31,1.56
CSCO,2007-07-31,1.34
CSCO,2006-07-31,1.1
CSCO,2005-07-31,0.91
CSCO,2004-07-31,0.75
CSCO,2003-07-31,0.59
CSCO,2002-07-31,0.38
CSCO,2001-07-31,0.41
CSCO,2000-07-31,0.54
CSCO,1999-07-31,0.4
CSCO,1998-07-31,0.3
CSCO,1997-07-31,0.23
CSCO,1996-07-31,0.1599
MRK,2021-09-30,4.46
MRK,2020-12-31,5.93
MRK,2019-12-31,5.19
MRK,2018-12-31,4.34
MRK,2017-12-31,3.98
MRK,2016-12-31,3.78
MRK,2015-12-31,3.6
MRK,2014-12-31,3.5
MRK,2013-12-31,3.49
MRK,2012-12-31,3.3947
MRK,2011-12-31,3.78
MRK,2010-12-31,3.42
MRK,2009-12-31,3.26
MRK,2008-12-31,3.42
MRK,2007-12-31,3.21
MRK,2006-12-31,2.52
MRK,2005-12-31,2.53
MRK,2004-12-31,2.62
MRK,2003-12-31,3.04
MRK,2002-12-31,3.14
MRK,2001-12-31,3.14
MRK,2000-12-31,2.89
MRK,1999-12-31,2.46
MRK,1998-12-31,2.18
MRK,1997-12-31,1.92
MRK,1996-12-31,1.61
ABT,2021-09-30,3.89
ABT,2020-12-31,3.65
ABT,2019-12-31,3.24
ABT,2018-12-31,2.88
ABT,2017-12-31,2.5
ABT,2016-12-31,2.2
ABT,2015-12-31,2.15
ABT,2014-12-31,2.28
ABT,2013-12-31,2.01
ABT,2012-12-31,5.07
ABT,2011-12-31,4.66
ABT,2010-12-31,4.17
ABT,2009-12-31,3.72
ABT,2008-12-31,3.32
ABT,2007-12-31,2.84
ABT,2006-12-31,2.52
ABT,2005-12-31,2.5
ABT,2004-12-31,2.31
ABT,2003-12-31,2.21
ABT,2002-12-31,2.06
ABT,2001-12-31,1.88
ABT,2000-12-31,1.78
ABT,1999-12-31,1.67
ABT,1998-12-31,1.51
ABT,1997-12-31,1.37
ABT,1996-12-31,1.21
DHR,2021-09-30,7.37
DHR,2020-12-31,6.29
DHR,2019-12-31,4.7
DHR,2018-12-31,4.52
DHR,2017-12-31,4.03
DHR,2016-12-31,4.25
DHR,2015-12-31,4.33
DHR,2014-12-31,3.73
DHR,2013-12-31,3.42
DHR,2012-12-31,3.18
DHR,2011-12-31,2.84
DHR,2010-12-31,2.31
DHR,2009-12-31,1.77
DHR,2008-12-31,2.13
DHR,2007-12-31,1.93
DHR,2006-12-31,1.63
DHR,2005-12-31,1.39
DHR,2004-12-31,1.16
DHR,2003-12-31,0.82
DHR,2002-12-31,0.7
DHR,2001-12-31,0.58
DHR,2000-12-31,0.55
DHR,1999-12-31,0.46
DHR,1998-12-31,0.39
DHR,1997-12-31,0.33
DHR,1996-12-31,0.27
COST,2021-09-30,12.69
COST,2020-09-30,9.79
COST,2019-09-30,5.63
COST,2018-09-30,4.73
COST,2017-09-30,3.93
COST,2016-09-30,5.42
COST,2015-09-30,5.24
COST,2014-09-30,3.6984
COST,2013-09-30,3.54
COST,2012-09-30,3.17
COST,2011-09-30,2.6
COST,2010-09-30,2.33
COST,2009-09-30,1.92
COST,2008-09-30,2.33
COST,2007-09-30,2.13
COST,2006-09-30,1.86
COST,2005-09-30,2.08
COST,2004-09-30,1.52
COST,2003-09-30,1.23
COST,2002-09-30,1.21
COST,2001-09-30,1.02
COST,2000-09-30,1.1
COST,1999-09-30,1.31
COST,1998-09-30,1.1327
COST,1997-09-30,0.66
COST,1996-09-30,0.47
PEP,2021-09-30,4.72
PEP,2020-12-31,5.52
PEP,2019-12-31,5.52
PEP,2018-12-31,5.65
PEP,2017-12-31,5.23
PEP,2016-12-31,3.49
PEP,2015-12-31,4.56
PEP,2014-12-31,4.63
PEP,2013-12-31,4.37
PEP,2012-12-31,4.1
PEP,2011-12-31,4.41
PEP,2010-12-31,4.13
PEP,2009-12-31,3.71
PEP,2008-12-31,3.67
PEP,2007-12-31,3.38
PEP,2006-12-31,3
PEP,2005-12-31,1.88
PEP,2004-12-31,1.65
PEP,2003-12-31,2.04
PEP,2002-12-31,1.94
PEP,2001-12-31,1.68
PEP,2000-12-31,1.45
PEP,1999-12-31,1.23
PEP,1998-12-31,1.18
PEP,1997-12-31,1.31
PEP,1996-12-31,1.15
CVX,2021-09-30,5.57
CVX,2020-12-31,-0.2009
CVX,2019-12-31,6.28
CVX,2018-12-31,8.07
CVX,2017-12-31,3.71
CVX,2016-12-31,0.94
CVX,2015-12-31,3.39
CVX,2014-12-31,10.14
CVX,2013-12-31,11.09
CVX,2012-12-31,12.57
CVX,2011-12-31,13.44
CVX,2010-12-31,9.37
CVX,2009-12-31,4.84
CVX,2008-12-31,11.36
CVX,2007-12-31,8.35
CVX,2006-12-31,7.93
CVX,2005-12-31,6.54
CVX,2004-12-31,5.6
CVX,2003-12-31,3.52
CVX,2002-12-31,2.11
CVX,2001-12-31,3.5
CVX,2000-12-31,4.19
CVX,1999-12-31,1.75
CVX,1998-12-31,1.51
CVX,1997-12-31,2.42
CVX,1996-12-31,2.04
VZ,2021-09-30,4.09
VZ,2020-12-31,4.9
VZ,2019-12-31,4.81
VZ,2018-12-31,4.71
VZ,2017-12-31,3.75
VZ,2016-12-31,3.8688
VZ,2015-12-31,3.99
VZ,2014-12-31,3.42
VZ,2013-12-31,2.84
VZ,2012-12-31,2.32
VZ,2011-12-31,2.16
VZ,2010-12-31,2.24
VZ,2009-12-31,2.4
VZ,2008-12-31,2.55
VZ,2007-12-31,2.37
VZ,2006-12-31,2.54
VZ,2005-12-31,2.56
VZ,2004-12-31,2.51
VZ,2003-12-31,2.62
VZ,2002-12-31,3.05
VZ,2001-12-31,3.01
VZ,2000-12-31,3.11
VZ,1999-12-31,2.99
VZ,1998-12-31,2.72
VZ,1997-12-31,2.43
VZ,1996-12-31,2.14
ABBV,2021-09-30,9.39
ABBV,2020-12-31,10.51
ABBV,2019-12-31,8.94
ABBV,2018-12-31,7.91
ABBV,2017-12-31,5.59
ABBV,2016-12-31,4.82
ABBV,2015-12-31,4.28
ABBV,2014-12-31,3.31
ABBV,2013-12-31,3.14
ABBV,2012-12-31,0.9761
INTC,2021-09-30,3.73
INTC,2020-12-31,4.94
INTC,2019-12-31,4.72
INTC,2018-12-31,4.48
INTC,2017-12-31,1.98
INTC,2016-12-31,2.11
INTC,2015-12-31,2.34
INTC,2014-12-31,2.33
INTC,2013-12-31,1.88
INTC,2012-12-31,2.13
INTC,2011-12-31,2.39
INTC,2010-12-31,2.05
INTC,2009-12-31,0.77
INTC,2008-12-31,0.92
INTC,2007-12-31,1.18
INTC,2006-12-31,0.86
INTC,2005-12-31,1.4
INTC,2004-12-31,1.16
INTC,2003-12-31,0.86
INTC,2002-12-31,0.51
INTC,2001-12-31,0.53
INTC,2000-12-31,1.65
INTC,1999-12-31,1.19
INTC,1998-12-31,0.89
INTC,1997-12-31,0.98
INTC,1996-12-31,0.74
WFC,2021-09-30,3.62
WFC,2020-12-31,1.624
WFC,2019-12-31,4.5
WFC,2018-12-31,4.44
WFC,2017-12-31,4.04
WFC,2016-12-31,4.06
WFC,2015-12-31,4.15
WFC,2014-12-31,4.1
WFC,2013-12-31,3.89
WFC,2012-12-31,3.37
WFC,2011-12-31,2.82
WFC,2010-12-31,2.21
WFC,2009-12-31,1.77
WFC,2008-12-31,0.83
WFC,2007-12-31,2.4166
WFC,2006-12-31,2.4936
WFC,2005-12-31,2.25
WFC,2004-12-31,2.05
WFC,2003-12-31,1.83
WFC,2002-12-31,1.66
WFC,2001-12-31,1.0035
WFC,2000-12-31,1.28
WFC,1999-12-31,1.12
WFC,1998-12-31,0.97
WFC,1997-12-31,0.88
WFC,1996-12-31,0.78
MCD,2021-09-30,7.05
MCD,2020-12-31,6.05
MCD,2019-12-31,7.85
MCD,2018-12-31,7.85
MCD,2017-12-31,6.67
MCD,2016-12-31,5.725
MCD,2015-12-31,4.95
MCD,2014-12-31,4.83
MCD,2013-12-31,5.56
MCD,2012-12-31,5.36
MCD,2011-12-31,5.28
MCD,2010-12-31,4.61
MCD,2009-12-31,3.98
MCD,2008-12-31,3.67
MCD,2007-12-31,2.89
MCD,2006-12-31,2.45
MCD,2005-12-31,2.04
MCD,2004-12-31,1.93
MCD,2003-12-31,1.44
MCD,2002-12-31,1.33
MCD,2001-12-31,1.39
MCD,2000-12-31,1.47
MCD,1999-12-31,1.41
MCD,1998-12-31,1.26
MCD,1997-12-31,1.18
MCD,1996-12-31,1.13
MS,2021-09-30,6.15
MS,2020-12-31,6.54
MS,2019-12-31,5.283
MS,2018-12-31,4.67
MS,2017-12-31,3.64
MS,2016-12-31,2.91
MS,2015-12-31,2.41
MS,2014-12-31,2.6997
MS,2013-12-31,2.06
MS,2012-12-31,1.78
MS,2011-12-31,1.12
MS,2010-12-31,2.31
MS,2009-12-31,-1.07
MS,2007-12-31,1.46
MS,2006-12-31,7.85
MS,2005-12-31,5.13
MS,2004-12-31,4.3
MS,2003-12-31,3.75
MS,2002-12-31,2.9
MS,2001-12-31,3.01
MS,2000-12-31,4.34
MS,1999-12-31,4.57
MS,1998-12-31,3.035
MS,1997-12-31,2.187
MS,1996-12-31,1.508
T,2021-09-30,2.62
T,2020-12-31,3.18
T,2019-12-31,3.58
T,2018-12-31,3.52
T,2017-12-31,3.05
T,2016-12-31,2.84
T,2015-12-31,2.69
T,2014-12-31,2.51
T,2013-12-31,2.5
T,2012-12-31,2.33
T,2011-12-31,2.2
T,2010-12-31,2.3
T,2009-12-31,2.12
T,2008-12-31,2.81
T,2007-12-31,2.77
T,2006-12-31,2.34
T,2005-12-31,1.72
T,2004-12-31,1.49
T,2003-12-31,1.55
T,2002-12-31,2.25
T,2001-12-31,2.35
T,2000-12-31,2.24
T,1999-12-31,2.33
T,1998-12-31,2.09
T,1997-12-31,1.85
T,1996-12-31,1.73
TXN,2021-09-30,6.1484
TXN,2020-12-31,6.2228
TXN,2019-12-31,5.2673
TXN,2018-12-31,5.7204
TXN,2017-12-31,4.4819
TXN,2016-12-31,3.4756
TXN,2015-12-31,2.8433
TXN,2014-12-31,2.56
TXN,2013-12-31,1.92
TXN,2012-12-31,1.64
TXN,2011-12-31,2.1
TXN,2010-12-31,2.49
TXN,2009-12-31,1.15
TXN,2008-12-31,1.57
TXN,2007-12-31,1.83
TXN,2006-12-31,1.7
TXN,2005-12-31,1.4
TXN,2004-12-31,1.06
TXN,2003-12-31,0.48
TXN,2002-12-31,0.22
TXN,2001-12-31,0.12
TXN,2000-12-31,1.23
TXN,1999-12-31,0.91
TXN,1998-12-31,0.45
TXN,1997-12-31,0.51
TXN,1996-12-31,0.25
INTU,2021-10-31,0
INTU,2021-07-31,9.66
INTU,2020-07-31,7.87
INTU,2019-07-31,6.75
INTU,2018-07-31,5.6
INTU,2017-07-31,4.42
INTU,2016-07-31,3.85
INTU,2015-07-31,2.64
INTU,2014-07-31,3.48
INTU,2013-07-31,3.2163
INTU,2012-07-31,2.95
INTU,2011-07-31,2.55
INTU,2010-07-31,2.12
INTU,2009-07-31,1.83
INTU,2008-07-31,1.61
INTU,2007-07-31,1.44
INTU,2006-07-31,1.23
INTU,2005-07-31,1.04
INTU,2004-07-31,0.84
INTU,2003-07-31,0.72
INTU,2002-07-31,0.59
INTU,2001-07-31,0.4
INTU,2000-07-31,0.32
INTU,1999-07-31,0.26
INTU,1998-07-31,0.16
INTU,1997-07-31,0.11
INTU,1996-07-31,0.13
LOW,2021-10-31,7.46
LOW,2021-01-31,8.83
LOW,2020-01-31,5.72
LOW,2019-01-31,5.1
LOW,2018-01-31,4.39
LOW,2017-01-31,3.98
LOW,2016-01-31,3.29
LOW,2015-01-31,2.67
LOW,LOW,2014-01-31,2.15
LOW,2013-01-31,1.75
LOW,2012-01-31,1.66
LOW,2011-01-31,1.44
LOW,2010-01-31,1.23
LOW,2009-01-31,1.49
LOW,2008-01-31,1.86
LOW,2007-01-31,1.99
LOW,2006-01-31,1.75
LOW,2005-01-31,1.38
LOW,2004-01-31,1.18
LOW,2003-01-31,0.94
LOW,2002-01-31,0.65
LOW,2001-01-31,0.48
LOW,2000-01-31,0.45
LOW,1999-01-31,0.35
LOW,1998-01-31,0.25
LOW,1997-01-31,0.21
LOW,1996-01-31,0.06
SCHW,2021-09-30,2.38
SCHW,2020-12-31,2.41
SCHW,2019-12-31,2.67
SCHW,2018-12-31,2.45
SCHW,2017-12-31,1.64
SCHW,2016-12-31,1.29
SCHW,2015-12-31,1.01
SCHW,2014-12-31,0.95
SCHW,2013-12-31,0.78
SCHW,2012-12-31,0.67
SCHW,2011-12-31,0.72
SCHW,2010-12-31,0.47
SCHW,2009-12-31,0.68
SCHW,2008-12-31,1.06
SCHW,2007-12-31,0.98
SCHW,2006-12-31,0.8
SCHW,2005-12-31,0.56
SCHW,2004-12-31,0.4
SCHW,2003-12-31,0.36
SCHW,2002-12-31,0.29
SCHW,2001-12-31,0.29
SCHW,2000-12-31,0.59
SCHW,1999-12-31,0.47
SCHW,1998-12-31,0.29
SCHW,1997-12-31,0.22
SCHW,1996-12-31,0.2
UNP,2021-09-30,7.3
UNP,2020-12-31,8.19
UNP,2019-12-31,8.39
UNP,2018-12-31,7.93
UNP,2017-12-31,5.8
UNP,2016-12-31,5.08
UNP,2015-12-31,5.49
UNP,2014-12-31,5.76
UNP,2013-12-31,4.71
UNP,2012-12-31,4.15
UNP,2011-12-31,3.38
UNP,2010-12-31,2.77
UNP,2009-12-31,1.8
UNP,2008-12-31,2.29
UNP,2007-12-31,1.73
UNP,2006-12-31,1.49
UNP,2005-12-31,0.86
UNP,2004-12-31,0.72
UNP,2003-12-31,1.01
UNP,2002-12-31,1.09
UNP,2001-12-31,0.95
UNP,2000-12-31,0.91
UNP,1999-12-31,0.81
UNP,1998-12-31,-0.06
UNP,1997-12-31,0.54
UNP,1996-12-31,0.91
HON,2021-09-30,5.96
HON,2020-12-31,7.1
HON,2019-12-31,8.16
HON,2018-12-31,8.01
HON,2017-12-31,7.11
HON,2016-12-31,6.53
HON,2015-12-31,6.05
HON,2014-12-31,5.56
HON,2013-12-31,4.97
HON,2012-12-31,4.5
HON,2011-12-31,4.05
HON,2010-12-31,2.61
HON,2009-12-31,2.85
HON,2008-12-31,3.75
HON,2007-12-31,3.16
HON,2006-12-31,2.53
HON,2005-12-31,2.13
HON,2004-12-31,1.68
HON,2003-12-31,1.56
HON,2002-12-31,2
HON,2001-12-31,2.05
HON,2000-12-31,2.84
HON,1999-12-31,2.76
HON,1998-12-31,2.34
HON,1997-12-31,2.06
HON,1996-12-31,1.8
TMUS,2021-09-30,3.1877
TMUS,2020-12-31,4.2165
TMUS,2019-12-31,4.03
TMUS,2018-12-31,3.38
TMUS,2017-12-31,2.2
TMUS,2016-12-31,1.0577
TMUS,2015-12-31,0.82
TMUS,2014-12-31,0.3
TMUS,2013-12-31,0.18
TMUS,2012-12-31,1.88
TMUS,2011-12-31,1.64
TMUS,2010-12-31,1.42
TMUS,2009-12-31,0.98
TMUS,2008-12-31,0.84
TMUS,2007-12-31,0.58
PM,2021-09-30,4.72
PM,2020-12-31,5.18
PM,2019-12-31,5.2
PM,2018-12-31,5.1
PM,2017-12-31,4.71
PM,2016-12-31,4.48
PM,2015-12-31,4.42
PM,2014-12-31,5.02
PM,2013-12-31,5.4
PM,2012-12-31,5.23
PM,2011-12-31,4.87
PM,2010-12-31,3.87
PM,2009-12-31,3.31
PM,2008-12-31,3.4
BLK,2021-09-30,28.75
BLK,2020-12-31,33.85
BLK,2019-12-31,28.51
BLK,2018-12-31,26.96
BLK,2017-12-31,22.65
BLK,2016-12-31,19.31
BLK,2015-12-31,19.6
BLK,2014-12-31,19.35
BLK,2013-12-31,16.6
BLK,2012-12-31,13.69
BLK,2011-12-31,11.85
BLK,2010-12-31,10.94
BLK,2009-12-31,7.05
BLK,2008-12-31,6.43
BLK,2007-12-31,8.2
BLK,2006-12-31,5.09
BLK,2005-12-31,4.04
BLK,2004-12-31,2.73
BLK,2003-12-31,2.36
BLK,2002-12-31,2.04
BLK,2001-12-31,1.65
BLK,2000-12-31,1.35
BLK,1999-12-31,0.27
AXP,2021-09-30,7.81
AXP,2020-12-31,3.76
AXP,2019-12-31,8.19
AXP,2018-12-31,7.32
AXP,2017-12-31,6.0234
AXP,2016-12-31,5.9147
AXP,2015-12-31,5.37
AXP,2014-12-31,5.33
AXP,2013-12-31,4.92
AXP,2012-12-31,4.4
AXP,2011-12-31,4.08
AXP,2010-12-31,3.41
AXP,2009-12-31,1.54
AXP,2008-12-31,2.35
AXP,2007-12-31,3.37
AXP,2006-12-31,3.02
AXP,2005-12-31,2.85
AXP,2004-12-31,2.74
AXP,2003-12-31,2.31
AXP,2002-12-31,2.01
AXP,2001-12-31,1.1004
AXP,2000-12-31,2.06
AXP,1999-12-31,1.81
AXP,1998-12-31,1.6
AXP,1997-12-31,1.39
AXP,1996-12-31,1.2
C,2021-09-30,8.61
C,2020-12-31,5.04
C,2019-12-31,7.57
C,2018-12-31,6.65
C,2017-12-31,5.0329
C,2016-12-31,4.72
C,2015-12-31,5.43
C,2014-12-31,3.75
C,2013-12-31,4.38
C,2012-12-31,3.86
C,2011-12-31,3.7
C,2010-12-31,3.5
C,2009-12-31,-2.9
C,2008-12-31,-46
C,2007-12-31,7
C,2006-12-31,42.5
C,2005-12-31,39.6
C,2004-12-31,40.4
C,2003-12-31,34.3
C,2002-12-31,26.3
C,2001-12-31,28.2
C,2000-12-31,27.76
C,1999-12-31,21.51
C,1998-12-31,12.7
C,1997-12-31,13.2
C,1996-12-31,12.1935
NOW,2021-09-30,4.49
NOW,2020-12-31,4.66
NOW,2019-12-31,3.33
NOW,2018-12-31,2.5
NOW,2017-12-31,1.19
NOW,2016-12-31,0.71
NOW,2015-12-31,0.39
NOW,2014-12-31,-0.09
NOW,2013-12-31,-0.08
NOW,2012-12-31,-0.4595
AMAT,2021-10-31,4.92
AMAT,2020-10-31,4.18
AMAT,2019-10-31,3.05
AMAT,2018-10-31,4.45
AMAT,2017-10-31,3.25
AMAT,2016-10-31,1.76
AMAT,2015-10-31,1.18
AMAT,2014-10-31,1.06
AMAT,2013-10-31,0.59
AMAT,2012-10-31,0.75
AMAT,2011-10-31,1.3
AMAT,2010-10-31,1
AMAT,2009-10-31,-0.06
AMAT,2008-10-31,0.79
AMAT,2007-10-31,1.27
AMAT,2006-10-31,1.05
AMAT,2005-10-31,0.66
AMAT,2004-10-31,0.87
AMAT,2003-10-31,0.1002
AMAT,2002-10-31,0.2
AMAT,2001-10-31,0.54
AMAT,2000-10-31,1.22
AMAT,1999-10-31,0.46
AMAT,1998-10-31,0.29
AMAT,1997-10-31,0.35
AMAT,1996-10-31,0.31
GS,2021-09-30,48.55
GS,2020-12-31,31.5971
GS,2019-12-31,21
GS,2018-12-31,24.04
GS,2017-12-31,19.8
GS,2016-12-31,16.36
GS,2015-12-31,15.5
GS,2014-12-31,17.07
GS,2013-12-31,15.47
GS,2012-12-31,14.15
GS,2011-12-31,4.41
GS,2010-12-31,13.14
GS,2009-12-31,23.19
GS,2007-12-31,21.3
GS,2006-12-31,21.3
GS,2005-12-31,13.39
GS,2004-12-31,9.35
GS,2003-12-31,7.07
GS,2002-12-31,4.33
GS,2001-12-31,3.84
GS,2000-12-31,6
GS,1999-12-31,5.86
TGT,2021-10-31,7.33
TGT,2021-01-31,9.43
TGT,2020-01-31,6.4
TGT,2019-01-31,5.41
TGT,2018-01-31,4.72
TGT,2017-01-31,5.01
TGT,2016-01-31,4.7
TGT,2015-01-31,3.52
TGT,2014-01-31,3.25
TGT,2013-01-31,4.38
TGT,2012-01-31,4.27
TGT,2011-01-31,3.88
TGT,2010-01-31,3.3
TGT,2009-01-31,2.86
TGT,2008-01-31,3.34
TGT,2007-01-31,3.21
TGT,2006-01-31,2.71
TGT,2005-01-31,2.15
TGT,2004-01-31,2.01
TGT,2003-01-31,1.81
TGT,2002-01-31,1.56
TGT,2001-01-31,1.39
TGT,2000-01-31,1.29
TGT,1999-01-31,1.04
TGT,1998-01-31,0.83
TGT,1997-01-31,0.32
SBUX,2021-09-30,3.24
SBUX,2020-09-30,1.16
SBUX,2019-09-30,2.83
SBUX,2018-09-30,2.35
SBUX,2017-09-30,2.07
SBUX,2016-09-30,1.9
SBUX,2015-09-30,1.58
SBUX,2014-09-30,1.33
SBUX,2013-09-30,1.12
SBUX,2012-09-30,0.9
SBUX,2011-09-30,0.77
SBUX,2010-09-30,0.64
SBUX,2009-09-30,0.4
SBUX,2008-09-30,0.36
SBUX,2007-09-30,0.45
SBUX,2006-09-30,0.37
SBUX,2005-09-30,0.31
SBUX,2004-09-30,0.24
SBUX,2003-09-30,0.16
SBUX,2002-09-30,0.15
SBUX,2001-09-30,0.12
SBUX,2000-09-30,0.09
SBUX,1999-09-30,0.07
SBUX,1998-09-30,0.06
SBUX,1997-09-30,0.04
SBUX,1996-09-30,0.03
BA,2021-09-30,-1.73
BA,2020-12-31,-23.13
BA,2019-12-31,-3.54
BA,2018-12-31,16.03
BA,2017-12-31,10.34
BA,2016-12-31,10.51
BA,2015-12-31,7.71
BA,2014-12-31,8.45
BA,2013-12-31,7.08
BA,2012-12-31,5.12
BA,2011-12-31,4.8
BA,2010-12-31,3.99
BA,2009-12-31,1.83
BA,2008-12-31,3.63
BA,2007-12-31,5.25
BA,2006-12-31,2.85
BA,2005-12-31,3.2
BA,2004-12-31,2.31
BA,2003-12-31,1
BA,2002-12-31,2.84
BA,2001-12-31,3.62
BA,2000-12-31,2.96
BA,1999-12-31,2.4
BA,1998-12-31,1.12
BA,1997-12-31,0.63
BA,1996-12-31,1.45
GE,2021-09-30,1.21
GE,2020-12-31,0.32
GE,2019-12-31,5.36
GE,2018-12-31,5.28
GE,2017-12-31,8.4
GE,2016-12-31,4.72
GE,2015-12-31,1.32
GE,2014-12-31,1.66
GE,2013-12-31,1.6
GE,2012-12-31,1.52
GE,2011-12-31,1.37
GE,2010-12-31,1.16
GE,2009-12-31,1.02
GE,2008-12-31,1.79
GE,2007-12-31,2.15
GE,2006-12-31,1.99
GE,2005-12-31,1.81
GE,2004-12-31,1.59
GE,2003-12-31,1.55
GE,2002-12-31,1.51
GE,2001-12-31,1.41
GE,2000-12-31,1.28
GE,1999-12-31,1.08
GE,1998-12-31,0.94
GE,1997-12-31,0.84
GE,1996-12-31,0.73






































