ticker,fiscalDateEnding,reportedCurrency,totalAssets,totalCurrentAssets,cashAndCashEquivalentsAtCarryingValue,cashAndShortTermInvestments,inventory,currentNetReceivables,totalNonCurrentAssets,propertyPlantEquipment,accumulatedDepreciationAmortizationPPE,intangibleAssets,intangibleAssetsExcludingGoodwill,goodwill,investments,longTermInvestments,shortTermInvestments,otherCurrentAssets,otherNonCurrrentAssets,totalLiabilities,totalCurrentLiabilities,currentAccountsPayable,deferredRevenue,currentDebt,shortTermDebt,totalNonCurrentLiabilities,capitalLeaseObligations,longTermDebt,currentLongTermDebt,longTermDebtNoncurrent,shortLongTermDebtTotal,otherCurrentLiabilities,otherNonCurrentLiabilities,totalShareholderEquity,treasuryStock,retainedEarnings,commonStock,commonStockSharesOutstanding
MSFT,2021-06-30,USD,333779000000,184406000000,14224000000,130334000000,2636000000,39008000000,152773000000,59715000000,51351000000,57511000000,7800000000,49711000000,122266000000,5984000000,116110000000,13393000000,15075000000,191791000000,88657000000,15163000000,88282000000,8072000000,8072000000,103134000000,9629000000,58146000000,8072000000,50074000000,58146000000,11666000000,13427000000,141988000000,None,57055000000,83111000000,7519000000
MSFT,2020-06-30,USD,301311000000,181915000000,13576000000,136527000000,1895000000,32011000000,122096000000,44151000000,43197000000,50389000000,7038000000,43351000000,130044000000,2965000000,122951000000,11482000000,13138000000,183007000000,72310000000,12530000000,78360000000,3749000000,3749000000,110697000000,7671000000,63327000000,3749000000,59578000000,63327000000,10027000000,10632000000,118304000000,None,34566000000,80552000000,7571000000
MSFT,2019-06-30,USD,286556000000,175552000000,11356000000,133819000000,2063000000,29524000000,105825000000,36477000000,35330000000,49776000000,7750000000,42026000000,129789000000,2649000000,122463000000,10146000000,14723000000,184226000000,69420000000,9382000000,74412000000,5516000000,0,108618000000,6188000000,72178000000,5516000000,66662000000,72200000000,9351000000,7581000000,102330000000,None,24150000000,78520000000,7643000000
MSFT,2018-06-30,USD,258848000000,169662000000,11946000000,133768000000,2662000000,26481000000,84300000000,29460000000,29223000000,43736000000,8053000000,35683000000,129579000000,1862000000,121822000000,6751000000,7442000000,176130000000,58488000000,8617000000,None,3998000000,0,112074000000,5568000000,76200000000,3998000000,72242000000,76200000000,8744000000,5211000000,82718000000,None,13682000000,71223000000,7677000000
MSFT,2017-06-30,USD,250312000000,162696000000,7663000000,132981000000,2181000000,19792000000,81235000000,23734000000,24179000000,45228000000,10106000000,35122000000,139004000000,6023000000,125318000000,5103000000,6076000000,162601000000,55745000000,7390000000,26656000000,10121000000,9072000000,117665000000,None,77100000000,1049000000,76073000000,86172000000,7684000000,3549000000,87711000000,None,17769000000,69315000000,7708000000
AAPL,2021-09-30,USD,351002000000,134836000000,34940000000,62639000000,6580000000,51506000000,216166000000,39440000000,70283000000,None,None,None,318994000000,127877000000,27699000000,14111000000,48849000000,287912000000,125481000000,54763000000,19512000000,15692000000,6000000000,162431000000,769000000,134913000000,9613000000,109106000000,241783000000,47493000000,53325000000,63090000000,None,5562000000,57365000000,16426786000
AAPL,2020-09-30,USD,323888000000,143713000000,38016000000,90943000000,4061000000,37445000000,180175000000,36766000000,66760000000,None,None,None,345644000000,100887000000,52927000000,11264000000,42522000000,258549000000,105392000000,42296000000,16843000000,13793000000,4996000000,153157000000,637000000,125873000000,8773000000,98667000000,216860000000,42684000000,54490000000,65339000000,None,14966000000,50779000000,16976763000
AAPL,2019-09-30,USD,338516000000,162819000000,48844000000,100557000000,4106000000,45804000000,175697000000,37378000000,58579000000,None,None,None,362952000000,105341000000,51713000000,12352000000,32978000000,248028000000,105718000000,46236000000,13622000000,16240000000,5980000000,142310000000,None,117760000000,10260000000,91807000000,209135000000,37720000000,50503000000,90488000000,None,45898000000,45174000000,4443236000
AAPL,2018-09-30,USD,365725000000,131339000000,25913000000,25913000000,3956000000,48995000000,234386000000,41304000000,49099000000,None,None,None,448287000000,170799000000,40388000000,12087000000,22283000000,258578000000,115929000000,55888000000,14766000000,20748000000,11964000000,142649000000,None,111984000000,8784000000,93735000000,220132000000,33327000000,48914000000,107147000000,None,70400000000,40201000000,4754986000
AAPL,2017-09-30,USD,375319000000,128645000000,20289000000,74181000000,4855000000,35673000000,246674000000,33783000000,41293000000,8015000000,2298000000,5717000000,268895000000,194714000000,53892000000,13936000000,18177000000,241272000000,100814000000,44242000000,10384000000,18473000000,11977000000,140458000000,None,112596000000,6496000000,97207000000,219794000000,30551000000,40415000000,134047000000,None,98330000000,35867000000,5126201000
AMZN,2020-12-31,USD,321195000000,132733000000,42122000000,84396000000,23795000000,24542000000,148451000000,150667000000,None,19998000000,4981000000,15017000000,116207000000,None,42274000000,233000000,22778000000,227791000000,126385000000,72539000000,23208000000,11529000000,59000000,103306000000,18060000000,33174000000,1155000000,31816000000,33174000000,44138000000,17017000000,93404000000,1837000000,52551000000,5000000,503000000
AMZN,2019-12-31,USD,225248000000,96334000000,36092000000,55021000000,20497000000,20816000000,190405000000,72705000000,46975000000,18803000000,4049000000,14754000000,64288000000,2169000000,18929000000,276000000,16314000000,163188000000,87812000000,47183000000,20390000000,14330000000,1307000000,77376000000,17095000000,24820000000,1305000000,23414000000,24820000000,32439000000,12171000000,62060000000,1837000000,31220000000,5000000,498000000
AMZN,2018-12-31,USD,162648000000,75101000000,31750000000,41250000000,17174000000,16677000000,91662000000,61797000000,33973000000,18658000000,4110000000,14548000000,40567000000,722000000,9500000000,418000000,11202000000,119099000000,68391000000,38192000000,15836000000,9071000000,1371000000,61758000000,16292000000,24965000000,1371000000,23495000000,24965000000,23663000000,17563000000,43549000000,1837000000,19625000000,5000000,491000000
AMZN,2017-12-31,USD,131310000000,60197000000,20522000000,30986000000,16047000000,13164000000,74484000000,48866000000,23790000000,16721000000,3371000000,13350000000,22286000000,441000000,10464000000,1329000000,8897000000,103601000000,57883000000,34616000000,6100000000,5900000000,100000000,55156000000,13183000000,24942000000,100000000,24743000000,24942000000,18170000000,20975000000,27709000000,1837000000,8636000000,5000000,484000000
AMZN,2016-12-31,USD,83402000000,45781000000,19334000000,25981000000,11461000000,8339000000,38475000000,29114000000,13327000000,4638000000,854000000,3784000000,None,223000000,6647000000,1778000000,4723000000,64117000000,43816000000,25309000000,5267000000,5053000000,1056000000,25900000000,7519000000,8838000000,1056000000,7694000000,8838000000,4768000000,12607000000,19285000000,1837000000,4916000000,5000000,477000000
TSLA,2020-12-31,USD,52148000000,26717000000,19384000000,19384000000,4101000000,1895000000,18134000000,12747000000,5117000000,520000000,313000000,207000000,None,None,None,1346000000,1536000000,28418000000,14248000000,6051000000,4668000000,1758000000,1384000000,6962000000,1094000000,8462000000,2132000000,None,9846000000,264000000,3330000000,22225000000,None,-5399000000,1000000,960000000
TSLA,2019-12-31,USD,34309000000,12103000000,6268000000,6268000000,3552000000,1324000000,15251000000,10396000000,3734000000,537000000,339000000,198000000,None,1000000,None,959000000,1470000000,26199000000,10667000000,3771000000,3842000000,1399000000,785000000,6050000000,1232000000,10402000000,228000000,None,11187000000,260000000,2691000000,6618000000,None,-6083000000,1000000,181000000
TSLA,2018-12-31,USD,29740000000,8307000000,3686000000,3685618000,3113000000,949022000,13072152000,11330000000,2699000000,350000000,282000000,68000000,None,421548000,192551000,558222000,572000000,23427000000,9993000000,3405000000,2504000000,2222000000,2711199000,13164200000,1855900000,8411000000,2567699000,None,8410490000,372000000,2710000000,4923000000,None,-5317832000,0,172603000
TSLA,2017-12-31,USD,28655372000,6570520000,3368000000,3367914000,2263537000,515381000,11620758000,10027522000,1723794000,421739000,361502000,60237000,None,456652000,155323000,423688000,273123000,23022980000,7674670000,2390250000,2193052000,799849000,3300000,13083289000,1801010000,8828985000,796549000,None,8832285000,130565000,2442970000,4237242000,None,-4974299000,169000,168797000
TSLA,2016-12-31,USD,22664076000,6259796000,3393000000,3393216000,2067454000,499142000,7350320000,5982957000,997485000,376145000,376145000,None,None,506302000,216000,194465000,216751000,16750167000,5827005000,1860341000,1614916000,1114652000,130441000,8640254000,1459684000,5892016000,984211000,None,6022457000,84492000,1891449000,4752911000,None,-2997237000,161000,161561000
FB,2020-12-31,USD,159316000000,75670000000,17576000000,61954000000,None,11335000000,31779000000,54981000000,None,19673000000,623000000,19050000000,88756000000,6234000000,44378000000,2381000000,2758000000,31026000000,14981000000,1331000000,717000000,54000000,1023000000,21539000000,469000000,None,None,None,10654000000,12245000000,6414000000,128290000000,None,77345000000,0,2854000000
FB,2019-12-31,USD,133376000000,66225000000,19079000000,54855000000,None,9518000000,31828000000,35323000000,10663000000,19609000000,894000000,18715000000,71552000000,None,35776000000,1852000000,2673000000,32322000000,15053000000,1363000000,503000000,855000000,1077000000,18308000000,418000000,None,800000000,None,10601000000,12344000000,7745000000,101054000000,None,55692000000,0,2851000000
FB,2018-12-31,USD,97334000000,50480000000,10019000000,41114000000,None,7587000000,46854000000,24683000000,6890000000,19595000000,1294000000,18301000000,62190000000,None,31095000000,1779000000,2576000000,13207000000,7017000000,820000000,264000000,None,500000000,6190000000,418000000,None,500000000,None,500000000,5550000000,6190000000,84127000000,None,41981000000,0,2875000000
FB,2017-12-31,USD,84524000000,48563000000,8079000000,41711000000,None,5832000000,35961000000,13721000000,4616000000,20105000000,1884000000,18221000000,33632000000,None,33632000000,1020000000,2135000000,10177000000,3760000000,380000000,68000000,None,390000000,6417000000,None,72000000,390000000,None,None,3282000000,6417000000,74347000000,None,33990000000,0,2910000000
FB,2016-12-31,USD,64961000000,34401000000,8903000000,29449000000,None,3993000000,30560000000,8591000000,3212000000,20657000000,2535000000,18122000000,20546000000,None,20546000000,959000000,1312000000,5767000000,2875000000,302000000,62000000,None,280000000,5323000000,None,112000000,280000000,None,None,90000000,2892000000,59194000000,None,21670000000,0,2881000000
NVDA,2021-01-31,USD,28791000000,16055000000,847000000,11561000000,1826000000,2429000000,12880000000,2149000000,1408000000,6930000000,2737000000,4193000000,22209000000,144000000,10714000000,97000000,2144000000,11898000000,3925000000,1201000000,902000000,999000000,0,9246000000,634000000,6963000000,999000000,5964000000,6963000000,1316000000,1375000000,16893000000,10756000000,18908000000,3000000,620000000
NVDA,2020-01-26,USD,17315000000,13690000000,10896000000,10897000000,979000000,1657000000,3077000000,1674000000,1011000000,667000000,49000000,618000000,10782000000,77000000,1000000,157000000,118000000,5111000000,1784000000,687000000,402000000,0,0,1975000000,652000000,1991000000,0,1991000000,1991000000,458000000,775000000,12204000000,9814000000,14971000000,1000000,612000000
NVDA,2019-01-27,USD,13292000000,10557000000,782000000,7422000000,1575000000,1424000000,2735000000,1404000000,767000000,663000000,45000000,618000000,13964000000,None,6640000000,108000000,108000000,3950000000,1329000000,511000000,138000000,None,0,1233000000,None,1988000000,0,None,1988000000,818000000,633000000,9342000000,9263000000,12565000000,1000000,606000000
NVDA,2018-01-28,USD,11241000000,9255000000,4002000000,7108000000,796000000,1265000000,1986000000,997000000,740000000,670000000,52000000,618000000,3106000000,None,3106000000,319000000,319000000,3770000000,1153000000,596000000,63000000,20000000,15000000,1245000000,None,1985000000,15000000,None,1985000000,542000000,632000000,7471000000,6650000000,8787000000,1000000,606000000
NVDA,2017-01-29,USD,9841000000,8536000000,1766000000,6798000000,794000000,826000000,1305000000,521000000,670000000,722000000,104000000,618000000,5468000000,None,5032000000,62000000,62000000,4048000000,1788000000,485000000,89000000,800000000,827000000,518000000,6000000,1983000000,796000000,None,1983000000,211000000,277000000,5762000000,5039000000,6108000000,1000000,585000000
BRK-B,2020-12-31,USD,873729000000,300378000000,47990000000,281170000000,19208000000,None,103065000000,14601000000,None,97486000000,23752000000,73734000000,301580000000,37713000000,281170000000,-110220000000,-602835000000,422393000000,76657000000,None,None,None,3348000000,73261000000,None,28713000000,3348000000,None,28713000000,73309000000,422393000000,443164000000,32853000000,444626000000,8000000,3687360528
BRK-B,BRK-B,2019-12-31,USD,817729000000,267879000000,64175000000,248027000000,19852000000,None,106289000000,174341000000,None,106289000000,24407000000,81882000000,266712000000,53717000000,248027000000,-110291000000,128280000000,389166000000,24000000,None,None,None,4686000000,65823000000,None,24911000000,4686000000,None,24911000000,15416000000,242511000000,424791000000,8125000000,402493000000,8000000,3828920237
BRK-B,2018-12-31,USD,707794000000,191826000000,30361000000,172757000000,19069000000,None,118932000000,20617000000,None,118932000000,37907000000,81025000000,192655000000,53503000000,172757000000,-104693000000,94025000000,355294000000,323000000,None,None,None,4373000000,50503000000,None,25509000000,4373000000,None,25509000000,15227000000,218166000000,348703000000,3109000000,321112000000,8000000,3832226499
BRK-B,2017-12-31,USD,702095000000,47770000000,31583000000,31583000000,17366000000,None,120402000000,148288000000,None,120402000000,39144000000,81258000000,191893000000,223276000000,170540000000,-75409000000,72928000000,350141000000,39139000000,None,None,None,6320000000,211651000000,None,22876000000,6320000000,None,22876000000,32819000000,209479000000,348296000000,1763000000,255786000000,8000000,1343052908
BRK-B,2016-12-31,USD,620854000000,43775000000,28048000000,28048000000,15727000000,None,119706000000,143084000000,None,119706000000,40220000000,79486000000,145497000000,176053000000,23465000000,142000000,261666000000,335426000000,15689000000,None,None,None,2094000000,197809000000,None,28138000000,2094000000,None,28138000000,1130000000,194919000000,282070000000,1763000000,210846000000,8000000,1304334864
JPM,2020-12-31,USD,3384757000000,535482000000,527609000000,527609000000,333000000,None,94063000000,27109000000,None,49248000000,4180000000,49248000000,1790848000000,388178000000,355951000000,2299244000000,-930253000000,3105403000000,53509000000,None,None,45208000000,45208000000,3800000000,None,281683000000,45208000000,204800000000,326891000000,2144257000000,497127000000,279354000000,88184000000,236990000000,4105000000,3049400000
JPM,2019-12-31,USD,2687379000000,270695000000,263631000000,263631000000,238000000,None,90426000000,25813000000,None,47823000000,5518000000,47823000000,1513001000000,809342000000,361337000000,621220000000,591356000000,2426049000000,50609000000,None,None,40920000000,40920000000,2800000000,None,291483000000,40920000000,215500000000,332403000000,1975256000000,475620000000,261330000000,83049000000,223211000000,4105000000,3084000000
JPM,2018-12-31,USD,2622532000000,290781000000,278793000000,278793000000,226000000,None,70305000000,14934000000,None,47471000000,6878000000,47471000000,428036000000,675542000000,359501000000,-458776000000,1714062000000,2366017000000,82016000000,None,None,69276000000,69276000000,2300000000,None,282046000000,69276000000,227100000000,351322000000,1899916000000,464663000000,256515000000,60494000000,199202000000,4105000000,3275800000
JPM,2017-12-31,USD,2533600000000,433472000000,431304000000,430121000000,265000000,None,69466000000,14159000000,None,47507000000,6885000000,47507000000,411593000000,575279000000,325321000000,-595119000000,1715256000000,2277907000000,75116000000,None,None,51802000000,51802000000,2400000000,None,284099000000,24186000000,236600000000,335901000000,1839298000000,443345000000,255693000000,42595000000,177676000000,4105000000,3425300000
JPM,2016-12-31,USD,2490972000000,392263000000,391154000000,389635000000,349000000,None,71081000000,14131000000,None,48150000000,862000000,47288000000,353137000000,661189000000,308052000000,170667000000,1612815000000,2236782000000,186076000000,None,None,186076000000,34443000000,2800000000,None,297590000000,11738000000,257500000000,483666000000,1375179000000,460911000000,254190000000,28854000000,162440000000,4105000000,3561200000
V,2020-09-30,USD,80919000000,27645000000,16289000000,20935000000,None,1711000000,50099000000,2737000000,4424000000,43718000000,27808000000,15910000000,3752000000,231000000,4646000000,4722000000,3413000000,44709000000,14510000000,174000000,533000000,2999000000,2999000000,32999000000,None,24070000000,2999000000,21071000000,24070000000,11337000000,3891000000,36210000000,None,14088000000,194000,1939000000
V,2019-09-30,USD,72574000000,20970000000,7838000000,12666000000,None,1672000000,49520000000,2695000000,3875000000,42436000000,26780000000,15656000000,4236000000,2157000000,4828000000,4306000000,2232000000,37890000000,13415000000,156000000,None,None,0,10246000000,None,16729000000,0,16729000000,16729000000,13259000000,2939000000,34684000000,None,13502000000,198000,1974000000
V,2018-09-30,USD,69225000000,18216000000,8162000000,8162000000,None,1290000000,50471000000,2472000000,3225000000,42752000000,27558000000,15194000000,3547000000,4082000000,3571000000,3717000000,1165000000,35219000000,11305000000,183000000,None,None,2168000000,5066000000,None,16630000000,0,16630000000,16630000000,11122000000,2666000000,34006000000,None,11318000000,None,2025000000
V,2017-09-30,USD,67977000000,19023000000,9874000000,13438000000,None,1280000000,50289000000,2253000000,2890000000,42958000000,27848000000,15110000000,5490000000,1926000000,3564000000,3031000000,1226000000,35217000000,9994000000,179000000,None,1749000000,1749000000,2580000000,None,16618000000,1749000000,16618000000,16618000000,8066000000,1321000000,32760000000,0,9508000000,None,2076000000
V,2016-09-30,USD,64035000000,14313000000,5619000000,8938000000,None,1273000000,53299000000,2150000000,2648000000,42300000000,27234000000,15066000000,7250000000,3931000000,3319000000,122000000,893000000,31123000000,8046000000,203000000,None,0,0,2187000000,None,15882000000,0,15882000000,15882000000,None,1162000000,32912000000,170000000,10462000000,None,2133000000
JNJ,2020-12-31,USD,174894000000,51237000000,13985000000,26666000000,9344000000,13576000000,123657000000,18766000000,28038000000,89795000000,53402000000,36393000000,26754000000,None,12681000000,3132000000,6562000000,111616000000,42493000000,9505000000,None,2600000000,2631000000,58352000000,None,34434000000,1799000000,32635000000,37065000000,30357000000,11944000000,63278000000,38490000000,113890000000,3120000000,2632200000
JNJ,2019-12-31,USD,157728000000,45274000000,17305000000,20435000000,9020000000,14481000000,105186000000,17658000000,25674000000,81282000000,47643000000,33639000000,7582000000,1149000000,3130000000,2486000000,5695000000,98257000000,35964000000,8544000000,None,1200000000,1202000000,62293000000,None,27594000000,1100000000,26494000000,28796000000,18399000000,11734000000,59471000000,38417000000,110659000000,3120000000,2631900000
JNJ,2018-12-31,USD,152954000000,46033000000,18107000000,19687000000,8599000000,14098000000,99756000000,17035000000,24816000000,78064000000,47611000000,30453000000,10005000000,517000000,1580000000,3649000000,4182000000,93202000000,31230000000,7537000000,None,2800000000,2796000000,61972000000,None,30320000000,2636000000,27684000000,33116000000,13257000000,8589000000,59752000000,34362000000,106216000000,3120000000,2678200000
JNJ,2017-12-31,USD,157303000000,43088000000,17824000000,18296000000,8765000000,13490000000,107636000000,17005000000,24461000000,85134000000,53228000000,31906000000,5310000000,758000000,472000000,2537000000,4971000000,97143000000,30537000000,7310000000,None,3900000000,3906000000,66606000000,None,32174000000,1500000000,30675000000,36080000000,12216000000,9017000000,60160000000,31554000000,101793000000,3120000000,2684800000
JNJ,2016-12-31,USD,141208000000,65032000000,18972000000,41907000000,8144000000,11699000000,70028000000,15912000000,21861000000,49681000000,26876000000,22805000000,12865000000,900000000,22935000000,3282000000,4435000000,70790000000,26287000000,6918000000,None,4700000000,4684000000,44503000000,None,24146000000,1700000000,22442000000,28830000000,971000000,9536000000,70418000000,28352000000,110551000000,3120000000,2714500000
UNH,2020-12-31,USD,197289000000,53718000000,16921000000,19781000000,None,25404000000,143571000000,8626000000,5230000000,82193000000,10856000000,71337000000,43594000000,41242000000,2860000000,21067000000,11510000000,126750000000,72420000000,None,2842000000,4819000000,4819000000,55930000000,None,56120000000,4819000000,38648000000,42280000000,20392000000,12315000000,70539000000,None,69295000000,10000000,946000000
UNH,2019-12-31,USD,173889000000,42634000000,10985000000,14245000000,None,21462000000,131255000000,8704000000,4995000000,76008000000,10349000000,65659000000,40222000000,37209000000,3260000000,16567000000,9334000000,111727000000,61782000000,None,2622000000,3870000000,3870000000,48352000000,None,48104000000,3870000000,36808000000,39474000000,14595000000,10144000000,62162000000,None,61178000000,9000000,948000000
UNH,2018-12-31,USD,152221000000,38692000000,10866000000,14324000000,None,18250000000,113529000000,8458000000,4141000000,68235000000,9325000000,58910000000,35864000000,32510000000,3458000000,6118000000,4326000000,95994000000,53209000000,None,2396000000,1973000000,1973000000,43773000000,None,38564000000,1973000000,34581000000,35234000000,12244000000,5730000000,56227000000,None,55846000000,10000000,960000000
UNH,2017-12-31,USD,139058000000,37084000000,11981000000,15490000000,None,15830000000,101974000000,7013000000,3694000000,63045000000,8489000000,54556000000,31850000000,28341000000,3509000000,5764000000,3575000000,87036000000,50463000000,None,2269000000,2857000000,2857000000,38956000000,None,36886000000,2857000000,28835000000,31067000000,12286000000,5556000000,52022000000,None,48730000000,10000000,969000000
UNH,2016-12-31,USD,122810000000,33879000000,10430000000,13275000000,None,15651000000,88931000000,5901000000,3749000000,56125000000,8541000000,47584000000,26713000000,23868000000,2845000000,4953000000,3037000000,82621000000,49252000000,None,1968000000,7193000000,7193000000,31517000000,None,41921000000,7193000000,25777000000,32770000000,10339000000,4831000000,40189000000,None,40945000000,10000000,952000000
WMT,2021-01-31,USD,252496000000,90067000000,17741000000,32163000000,44949000000,6516000000,167329000000,92201000000,88370000000,33883000000,4900000000,28983000000,14422000000,None,14422000000,20861000000,23598000000,171571000000,92645000000,49141000000,None,3806000000,224000000,57950000000,3847000000,44309000000,3115000000,41194000000,44309000000,35898000000,None,80925000000,None,88763000000,282000000,2828000000
WMT,2020-01-31,USD,236495000000,61806000000,9465000000,9465000000,44435000000,6284000000,179889000000,105208000000,89820000000,36273000000,5200000000,31073000000,5438000000,5990000000,5438000000,1622000000,16567000000,161826000000,77790000000,46973000000,None,8241000000,600000000,64192000000,4307000000,49076000000,5362000000,43714000000,49076000000,20586000000,None,74669000000,None,83943000000,284000000,2835000000
WMT,2019-01-31,USD,219295000000,61897000000,7722000000,7722000000,44269000000,6283000000,150320000000,104317000000,81493000000,31181000000,5800000000,31181000000,None,3995000000,None,3623000000,14822000000,146799000000,77477000000,47060000000,1932000000,7830000000,5225000000,50203000000,0,45396000000,1876000000,43520000000,45396000000,20655000000,None,72496000000,None,80785000000,288000000,2896000000
WMT,2018-01-31,USD,204522000000,59664000000,6756000000,6756000000,43783000000,5614000000,137715000000,107675000000,77479000000,18242000000,18242000000,18242000000,None,7614000000,None,3511000000,11798000000,126653000000,78521000000,46092000000,730000000,9662000000,5257000000,36825000000,7447000000,33783000000,3738000000,30045000000,33783000000,20750000000,None,77869000000,None,85107000000,295000000,2956000000
WMT,2017-01-31,USD,198825000000,57689000000,6867000000,6867000000,43046000000,5835000000,134668000000,107710000000,71782000000,17037000000,17037000000,17037000000,None,479000000,None,1941000000,9921000000,121027000000,66928000000,41433000000,743000000,3920000000,1099000000,42018000000,6568000000,38271000000,2256000000,36015000000,38271000000,2777000000,None,77798000000,None,89354000000,305000000,3062000000
fiscalDateEnding,reportedCurrency,totalAssets,totalCurrentAssets,cashAndCashEquivalentsAtCarryingValue,cashAndShortTermInvestments,inventory,currentNetReceivables,totalNonCurrentAssets,propertyPlantEquipment,accumulatedDepreciationAmortizationPPE,intangibleAssets,intangibleAssetsExcludingGoodwill,goodwill,investments,longTermInvestments,shortTermInvestments,otherCurrentAssets,otherNonCurrrentAssets,totalLiabilities,totalCurrentLiabilities,currentAccountsPayable,deferredRevenue,currentDebt,shortTermDebt,totalNonCurrentLiabilities,capitalLeaseObligations,longTermDebt,currentLongTermDebt,longTermDebtNoncurrent,shortLongTermDebtTotal,otherCurrentLiabilities,otherNonCurrentLiabilities,totalShareholderEquity,treasuryStock,retainedEarnings,commonStock,commonStockSharesOutstanding
HD,2021-01-31,USD,70581000000,28477000000,7895000000,7895000000,16627000000,2992000000,48209000000,24705000000,24100000000,10738000000,3612000000,7126000000,None,None,None,963000000,4311000000,67282000000,23166000000,11606000000,2823000000,1416000000,0,44116000000,2700000000,34750000000,1350000000,None,34750000000,None,2938000000,3299000000,65793000000,58134000000,89000000,1077000000
HD,2020-02-02,USD,51236000000,19810000000,2133000000,2133000000,14531000000,2106000000,32360000000,22770000000,22100000000,2254000000,None,2254000000,None,None,None,1040000000,807000000,54352000000,18375000000,7787000000,2116000000,2813000000,974000000,30911000000,1081000000,29500000000,1755000000,None,30318000000,0,1535000000,None,65196000000,51729000000,89000000,1077000000
HD,2019-02-03,USD,44003000000,18529000000,1778000000,1778000000,13925000000,1936000000,25474000000,22375000000,20564000000,2252000000,None,2252000000,None,None,None,890000000,847000000,45881000000,16716000000,7755000000,1782000000,2395000000,1339000000,29165000000,None,26814000000,1056000000,None,28153000000,None,1867000000,None,58196000000,46423000000,89000000,1105000000
HD,2018-01-28,USD,44529000000,18933000000,3595000000,3595000000,12748000000,1952000000,25715000000,22075000000,19339000000,2275000000,None,2275000000,None,None,None,638000000,1246000000,43075000000,16194000000,7244000000,1805000000,2761000000,1559000000,26881000000,None,49235000000,1202000000,None,50794000000,None,2174000000,1454000000,48196000000,39935000000,89000000,1158000000
HD,2017-01-29,USD,42966000000,17724000000,2538000000,2538000000,12549000000,2029000000,25333000000,21914000000,18512000000,2093000000,None,2093000000,None,None,None,608000000,1235000000,38633000000,14133000000,7000000000,1669000000,1252000000,710000000,24500000000,None,44915000000,542000000,None,45625000000,None,1855000000,4333000000,40194000000,35519000000,88000000,1203000000
BAC,2020-12-31,USD,2819627000000,389706000000,380463000000,380463000000,164000000,None,92151000000,11000000000,None,71151000000,2200000000,68951000000,3359414000000,255276000000,234491000000,-322194000000,-803194000000,2546703000000,19321000000,None,None,19321000000,19321000000,262934000000,None,262934000000,19321000000,32200000000,282255000000,1795480000000,170339000000,272924000000,None,164088000000,85982000000,8650814105
BAC,2019-12-31,USD,2434079000000,170760000000,161560000000,161560000000,285000000,None,90912000000,10561000000,None,70651000000,1700000000,68951000000,2897868000000,1469209000000,472197000000,633757000000,1053796000000,2169269000000,24204000000,None,None,24204000000,24204000000,216602000000,None,240856000000,24204000000,34975000000,265060000000,1928463000000,165131000000,264810000000,None,156319000000,91723000000,8836148954
BAC,2018-12-31,USD,2354507000000,187771000000,177404000000,177404000000,300000000,None,80631000000,9906000000,None,70725000000,1774000000,68951000000,1768544000000,1409386000000,441753000000,619157000000,1053941000000,2089182000000,20189000000,None,None,20189000000,20189000000,229392000000,None,229392000000,20189000000,27689000000,249529000000,1839601000000,187018000000,265325000000,None,136314000000,118896000000,9669286370
BAC,2017-12-31,USD,2281234000000,378222000000,157434000000,366792000000,236000000,None,80510000000,9247000000,None,71263000000,2312000000,68951000000,1079881000000,1184944000000,209358000000,597564000000,998333000000,2014088000000,32666000000,None,None,32666000000,32666000000,183208000000,None,227402000000,32666000000,31786000000,260068000000,1798214000000,176902000000,267146000000,None,113816000000,138089000000,10287302431
BAC,2016-12-31,USD,2188067000000,337013000000,147738000000,327947000000,377000000,None,81030000000,9139000000,None,71891000000,2922000000,68969000000,957148000000,1127233000000,180209000000,125793000000,961814000000,1921872000000,23944000000,None,None,23944000000,23944000000,216823000000,None,216823000000,23944000000,30037000000,240767000000,1260934000000,170291000000,266195000000,None,101225000000,147038000000,10052625604
PG,2021-06-30,USD,119307000000,23091000000,9100000000,9263000000,5983000000,4725000000,96216000000,21686000000,25012000000,64566000000,23642000000,40924000000,418000000,None,163000000,2095000000,9964000000,72653000000,33132000000,13720000000,None,8889000000,5269000000,47320000000,631000000,32420000000,3620000000,23099000000,22152000000,10523000000,10269000000,46654000000,114973000000,106374000000,4009000000,2442100000
PG,2020-06-30,USD,120700000000,27987000000,14600000000,14600000000,5498000000,4178000000,92713000000,20692000000,23079000000,63693000000,23792000000,39901000000,318000000,None,39000000,2130000000,8328000000,73822000000,32976000000,12071000000,None,11183000000,8675000000,569000000,652000000,31508000000,2508000000,23537000000,21662000000,3105000000,11110000000,46878000000,105573000000,100239000000,4009000000,2481100000
PG,2019-06-30,USD,115095000000,22473000000,4239000000,4239000000,5017000000,4951000000,92622000000,21271000000,22122000000,64488000000,24215000000,40273000000,239000000,169000000,6048000000,2218000000,6863000000,67516000000,30011000000,11260000000,None,9697000000,6309000000,676000000,33000000,28788000000,3388000000,20395000000,23251000000,2323000000,10211000000,47579000000,100406000000,94918000000,4009000000,2509900000
PG,2018-06-30,USD,118310000000,23320000000,2569000000,2569000000,4738000000,4686000000,94990000000,20600000000,21247000000,69077000000,23902000000,45175000000,9477000000,141000000,9281000000,2046000000,5313000000,65427000000,28237000000,10344000000,None,10423000000,8651000000,666000000,107000000,25174000000,1772000000,20863000000,24132000000,2183000000,10164000000,52883000000,99217000000,98641000000,4009000000,2510100000
PG,2017-06-30,USD,120406000000,26494000000,5569000000,5569000000,4624000000,4594000000,93912000000,19893000000,20255000000,68886000000,24187000000,44699000000,9568000000,132000000,9568000000,2139000000,5133000000,64628000000,30210000000,9632000000,None,13554000000,11878000000,870000000,51000000,23072000000,1676000000,18038000000,25358000000,1994000000,8254000000,55778000000,93715000000,96124000000,4009000000,2557900000
MA,2020-12-31,USD,33584000000,19113000000,10113000000,10113000000,None,2646000000,16469000000,1902000000,1390000000,6713000000,1753000000,4960000000,483000000,1172000000,483000000,719000000,5365000000,27067000000,11847000000,527000000,1696000000,649000000,649000000,15946000000,None,25447000000,649000000,12023000000,12700000000,1228000000,3111000000,6391000000,36658000000,38747000000,141000,999000000
MA,2019-12-31,USD,29236000000,16902000000,6988000000,6988000000,None,2514000000,13483000000,1828000000,1100000000,5438000000,1417000000,4021000000,688000000,914000000,688000000,786000000,4525000000,23245000000,11904000000,489000000,1370000000,106000000,None,11912000000,None,17127000000,0,8527000000,8527000000,928000000,2729000000,5893000000,32205000000,33984000000,140000,1008000000
MA,2018-12-31,USD,24860000000,16171000000,6682000000,6682000000,None,2276000000,8510000000,921000000,847000000,3895000000,991000000,2904000000,1696000000,337000000,1696000000,603000000,3303000000,19371000000,11593000000,537000000,None,500000000,500000000,7778000000,None,6800000000,500000000,5834000000,6300000000,10556000000,1877000000,5395000000,25750000000,27283000000,None,1032000000
MA,2017-12-31,USD,21329000000,13797000000,5933000000,5933000000,None,1969000000,7586000000,829000000,714000000,4155000000,1120000000,3035000000,1849000000,249000000,1849000000,499000000,2049000000,15761000000,8793000000,None,None,None,24000000,6968000000,None,5400000000,0,5424000000,5424000000,7860000000,1438000000,5468000000,20764000000,22364000000,None,1057000000
MA,2016-12-31,USD,18675000000,13228000000,6721000000,6721000000,None,1416000000,5305000000,733000000,603000000,2478000000,722000000,1756000000,1614000000,132000000,1614000000,253000000,1929000000,12991000000,7206000000,609000000,None,None,5180000000,5785000000,None,10419000000,5180000000,5180000000,10419000000,620000000,524000000,5656000000,17021000000,19418000000,None,1087000000
ADBE,2020-11-27,USD,24284000000,8146000000,4478000000,5992000000,None,1398000000,16490000000,1517000000,1458000000,12101000000,1359000000,10742000000,1514000000,None,1514000000,756000000,663000000,11020000000,5512000000,306000000,7519000000,0,92000000,5508000000,591000000,4117000000,None,None,4117000000,1485000000,223000000,13264000000,13546000000,19611000000,0,479000000
ADBE,2019-11-29,USD,20762000000,6495000000,2650000000,4177000000,None,1530000000,14582175000,1293000000,1569000000,12411764000,1720565000,10691000000,929616000,None,1527000000,719240000,562000000,10232000000,8191000000,209000000,3500000000,3149000000,3149267000,2041307000,None,989000000,3149343000,None,4138267000,1454110000,173000000,10530000000,10615000000,14829000000,0,482339000
ADBE,2018-11-30,USD,18768682000,4857039000,1643000000,3228962000,None,1315578000,13911643000,1075072000,1405836000,12650049000,2069001000,10581000000,612104000,None,1586187000,312499000,186522000,9406568000,4301126000,186258000,None,0,None,4921110000,None,4124800000,None,None,4124800000,1198894000,152209000,9362000000,7990751000,11815597000,61000,487663000
ADBE,2017-12-01,USD,14535556000,7247813000,2306000000,5819774000,None,1217968000,7287743000,936976000,1266518000,6207219000,385658000,5821561000,None,None,3513702000,210000000,143548000,6075687000,3527457000,113538000,2494542000,None,1882479000,666809000,None,1881421000,1882479000,None,1881421000,1007050000,125188000,8459000000,6084436000,9573870000,61000,491262000
ADBE,2016-12-02,USD,12697246000,5839774000,1011315000,4761300000,None,833033000,6777033000,816264000,1109948000,5820879000,414405000,5406474000,None,80439000,3749985000,245441000,139890000,5272411000,2811635000,88024000,2014750000,None,1892200000,568576000,None,1892200000,1892200000,None,1892200000,1945619000,97404000,7424835000,5132472000,8114517000,61000,494254000
DIS,2020-09-30,USD,201549000000,35251000000,17914000000,17914000000,1583000000,12708000000,143102000000,32078000000,35517000000,19173000000,19173000000,77689000000,None,3903000000,3903000000,875000000,8433000000,117966000000,26628000000,12663000000,4629000000,5711000000,5711000000,70634000000,None,58628000000,5711000000,52917000000,58628000000,1213000000,17204000000,83583000000,907000000,38315000000,54497000000,1811000000
DIS,2019-09-30,USD,193984000000,28124000000,5418000000,5418000000,1649000000,15481000000,62768000000,31603000000,32415000000,23215000000,23215000000,80293000000,302000000,3224000000,None,979000000,4715000000,105107000000,31341000000,13778000000,4722000000,8862000000,8857000000,59791000000,None,46986000000,8857000000,38129000000,46986000000,974000000,13760000000,88877000000,907000000,42494000000,53907000000,1803000000
DIS,2018-09-30,USD,98598000000,16825000000,4150000000,4150000000,1392000000,9334000000,81773000000,29540000000,30764000000,6812000000,6812000000,31269000000,None,2899000000,1000000,635000000,3365000000,49825000000,17860000000,6503000000,None,None,3790000000,26783000000,None,20874000000,3790000000,17084000000,20874000000,787000000,6590000000,48773000000,67588000000,82679000000,36779000000,1507000000
CRM,2021-01-31,USD,66301000000,21889000000,6195000000,14034000000,None,7786000000,44606000000,2459000000,1955000000,30432000000,4114000000,26318000000,11748000000,3909000000,7839000000,2137000000,2693000000,24808000000,17728000000,None,12607000000,39000000,13000000,7173000000,93000000,2677000000,4000000,2673000000,2690000000,12607000000,1565000000,41493000000,None,5933000000,1000000,919000000
CRM,2020-01-31,USD,55126000000,15963000000,4145000000,7947000000,None,6174000000,39552000000,2375000000,1801000000,29858000000,4724000000,25134000000,5765000000,1963000000,3802000000,1842000000,579000000,21241000000,14845000000,None,10662000000,807000000,750000000,6728000000,332000000,2694000000,4000000,2673000000,2694000000,11412000000,1278000000,33885000000,None,1861000000,1000000,893000000
CRM,2019-01-31,USD,30737000000,10683000000,2669000000,4342000000,None,4924000000,19902000000,2051000000,1783000000,14774000000,1923000000,12851000000,2975000000,1302000000,1673000000,1417000000,695000000,15132000000,11255000000,165000000,8564000000,3000000,3000000,3877000000,None,3198000000,3000000,3173000000,3198000000,2523000000,704000000,15605000000,None,1735000000,1000000,770000000
CRM,2018-01-31,USD,21984000000,9584000000,2543000000,4521705000,None,3917401000,12057809000,1947000000,1456000000,8141000000,827000000,7314000000,2655504000,677283000,1978221000,818573000,384000000,11608000000,10067000000,76000000,7094705000,1127256000,1127256000,1487921000,779962000,1726821000,1025000000,695000000,1726821000,561000000,846000000,10376000000,None,635000000,1000000,707460000
CRM,2017-01-31,USD,17584923000,5996827000,1607000000,2208887000,None,3196643000,11271112000,1787534000,1198350000,8377374000,1113374000,7264000000,1169291000,566953000,602338000,591297000,486869000,10084796000,7295466000,115257000,5542802000,102106000,2792058000,2826443000,701155000,2011849000,0,2008391000,2011849000,496857000,780939000,8230000000,None,-464910000,708000,707460000
XOM,2020-12-31,USD,332750000000,44893000000,4364000000,4364000000,18850000000,20581000000,287857000000,227553000000,277769000000,16789000000,16789000000,None,38778000000,143000000,43515000000,1098000000,16789000000,168620000000,56363000000,25337000000,None,20458000000,17528000000,122815000000,1680000000,15960000000,2930000000,None,33488000000,241000000,21242000000,157150000000,225776000000,383943000000,15688000000,4233000000
XOM,2019-12-31,USD,362597000000,50052000000,3089000000,3089000000,18528000000,26966000000,312545000000,253018000000,233684000000,None,None,None,37935000000,190000000,None,1469000000,16363000000,163659000000,63989000000,31705000000,None,20578000000,18877000000,109949000000,1670000000,9450000000,1617000000,None,28327000000,18717000000,21416000000,191650000000,225835000000,421341000000,15637000000,4234000000
XOM,2018-12-31,USD,346196000000,47973000000,3042000000,3042000000,18958000000,24701000000,298223000000,247101000000,230089000000,None,None,None,26382000000,26382000000,None,1272000000,10332000000,147668000000,57138000000,27125000000,None,17258000000,13188000000,101715000000,1303000000,7313000000,4070000000,None,20501000000,18817000000,18094000000,191794000000,225553000000,421653000000,15258000000,4237000000
XOM,2017-12-31,USD,348691000000,47134000000,3177000000,3177000000,16992000000,25597000000,301557000000,252630000000,224555000000,None,None,None,24528000000,24528000000,None,1368000000,9767000000,154191000000,57771000000,28032000000,None,17930000000,13164000000,108348000000,1327000000,9991000000,4766000000,23100000000,23155000000,18140000000,19215000000,187688000000,225246000000,414540000000,14656000000,4239000000
XOM,2016-12-31,USD,330314000000,41416000000,3657000000,3657000000,15080000000,21394000000,288898000000,244224000000,209691000000,None,None,None,20964000000,20964000000,None,1285000000,9572000000,156484000000,47638000000,23792000000,None,13830000000,10870000000,108846000000,1225000000,12703000000,2960000000,27700000000,23573000000,13354000000,20069000000,167325000000,230424000000,407831000000,12157000000,4148000000
NKE,2021-05-31,USD,37740000000,26291000000,9889000000,13476000000,6854000000,4463000000,8528000000,4904000000,5157000000,511000000,269000000,242000000,3587000000,None,3587000000,1498000000,3113000000,24973000000,9674000000,2836000000,None,2000000,2000000,12344000000,3398000000,9413000000,0,9413000000,9415000000,6369000000,None,12767000000,None,3179000000,3000000,1579300000
NKE,2020-05-31,USD,31342000000,20556000000,8348000000,8787000000,7367000000,2749000000,8460000000,4866000000,4795000000,497000000,274000000,223000000,439000000,None,439000000,1653000000,3097000000,23287000000,8284000000,2248000000,None,696000000,248000000,12319000000,3358000000,9409000000,3000000,9406000000,9657000000,5340000000,None,8055000000,None,-191000000,3000000,1555800000
NKE,2019-05-31,USD,23717000000,16525000000,4466000000,4663000000,5622000000,4272000000,5181000000,4744000000,4725000000,437000000,283000000,154000000,197000000,None,197000000,1968000000,7192000000,14677000000,7866000000,2612000000,None,15000000,9000000,3464000000,None,3470000000,6000000,3464000000,3479000000,5239000000,None,9040000000,None,1643000000,3000000,1570400000
NKE,2018-05-31,USD,22536000000,15134000000,4249000000,5245000000,5261000000,3498000000,4893000000,4454000000,4437000000,439000000,285000000,154000000,996000000,None,996000000,1130000000,7402000000,12724000000,6040000000,2279000000,None,342000000,336000000,3468000000,None,3474000000,6000000,3468000000,3810000000,3419000000,None,9812000000,None,3517000000,3000000,1605500000
NKE,2017-05-31,USD,23259000000,16061000000,3808000000,6179000000,5055000000,3677000000,4411000000,3989000000,3969000000,422000000,283000000,139000000,None,None,2371000000,1150000000,7198000000,10852000000,5474000000,2048000000,None,331000000,325000000,3471000000,None,3477000000,6000000,3471000000,3802000000,168000000,None,12407000000,None,6907000000,3000000,1646700000
ORCL,2021-05-31,USD,131107000000,55567000000,30098000000,46554000000,142000000,5409000000,75540000000,7049000000,8751000000,46365000000,2430000000,43935000000,33445000000,None,16456000000,3604000000,8490000000,125869000000,24164000000,745000000,18908000000,8250000000,8250000000,100991000000,None,328938000000,8250000000,75995000000,84245000000,4377000000,4787000000,5238000000,None,-20120000000,26533000000,2814000000
ORCL,2020-05-31,USD,115438000000,52140000000,37239000000,43057000000,211000000,5551000000,63298000000,6244000000,7581000000,47507000000,3738000000,43769000000,30852000000,None,5818000000,3532000000,6295000000,103364000000,17200000000,637000000,17198000000,2371000000,2371000000,85521000000,None,284460000000,2371000000,69226000000,71597000000,4737000000,3791000000,12074000000,None,-12696000000,26486000000,3067000000
ORCL,2019-05-31,USD,108709000000,46386000000,20514000000,37827000000,320000000,5134000000,62323000000,6252000000,6823000000,49058000000,5279000000,43779000000,27942000000,5000000,17313000000,3425000000,4317000000,86924000000,18630000000,580000000,18086000000,4494000000,4494000000,67716000000,None,216101000000,4494000000,51673000000,56167000000,3554000000,2748000000,21785000000,None,-3496000000,26909000000,3359000000
ORCL,2018-05-31,USD,137851000000,76159000000,21620000000,67261000000,398000000,5279000000,61692000000,5897000000,5911000000,50425000000,6670000000,43755000000,52449000000,29000000,45641000000,3424000000,3975000000,91479000000,19124000000,529000000,9054000000,4491000000,4491000000,71854000000,None,291828000000,4491000000,56128000000,60619000000,3957000000,2297000000,46372000000,None,19111000000,28950000000,3997000000
ORCL,2017-05-31,USD,134991000000,74515000000,21784000000,66078000000,300000000,5300000000,60476000000,5315000000,4979000000,50724000000,7679000000,43045000000,49973000000,40000000,44294000000,2837000000,3294000000,81131000000,24178000000,599000000,8835000000,9797000000,9797000000,56567000000,None,266238000000,9797000000,48112000000,57909000000,3583000000,2774000000,53860000000,None,27598000000,27065000000,4137000000
TMO,2020-12-31,USD,69052000000,21957000000,10325000000,10325000000,4029000000,5741000000,47882000000,5912000000,3665000000,38726000000,12685000000,26041000000,None,None,None,1131000000,2457000000,34545000000,10304000000,2175000000,2034000000,2628000000,7000000,25630000000,None,21728000000,2628000000,19107000000,21735000000,2314000000,3340000000,34507000000,6818000000,28116000000,437000000,396000000
TMO,2019-12-31,USD,58381000000,11893000000,2399000000,2399000000,3370000000,4349000000,47206000000,4749000000,3015000000,39728000000,14014000000,25714000000,None,67000000,None,1172000000,2011000000,28706000000,6197000000,1920000000,1510000000,676000000,509000000,23674000000,None,17752000000,676000000,17076000000,18261000000,1675000000,3241000000,29675000000,5236000000,22092000000,434000000,400000000
TMO,2018-12-31,USD,56232000000,10625000000,2103000000,2103000000,3005000000,4136000000,45716000000,4165000000,2655000000,40325000000,14978000000,25347000000,None,64000000,None,922000000,1117000000,28646000000,6147000000,1615000000,1164000000,1271000000,693000000,20589000000,None,18990000000,578000000,17719000000,19683000000,2452000000,2515000000,27586000000,3665000000,18696000000,432000000,402000000
TMO,2017-12-31,USD,56669000000,9421000000,1335000000,1335000000,2971000000,4311000000,47371000000,4047000000,2292000000,41974000000,16684000000,25290000000,32000000,32000000,26000000,804000000,1227000000,31256000000,7048000000,1428000000,719000000,2135000000,960000000,21442000000,None,21078000000,1175000000,None,22038000000,2766000000,2569000000,25413000000,3103000000,15914000000,428000000,402800000
TMO,2016-12-31,USD,45908000000,7021000000,786000000,786200000,2213000000,3426800000,38949700000,2578000000,1838000000,35297000000,13969000000,21328000000,37000000,37000000,200000,595000000,1012000000,24368000000,4866000000,926000000,485900000,1255000000,953000000,16945000000,None,16677200000,302000000,None,17630200000,1490000000,1573000000,21540000000,2306000000,13927000000,415000000,394800000
LLY,2020-12-31,USD,46633100000,17462100000,3657100000,3681300000,3980300000,5875300000,25784700000,8681900000,9570700000,11216500000,7450000000,3766500000,360300000,2966800000,24200000,2871500000,3475400000,40991500000,12481600000,1606700000,276800000,8700000,0,28326300000,None,16595300000,8700000,16586600000,16595300000,2750300000,1707500000,5641600000,55700000,7830200000,598200000,908036000
LLY,2019-12-31,USD,39286100000,13709600000,2337500000,2438500000,3190700000,4547300000,23311000000,7872900000,9161600000,10297400000,6618000000,3679400000,570600000,1962400000,101000000,2538900000,2871200000,36679200000,11775200000,1405300000,264600000,1499300000,1494200000,24811800000,486700000,13638500000,5100000,13817900000,15317200000,2189400000,1501000000,2606900000,60800000,4920400000,598800000,909636000
LLY,2018-12-31,USD,43908400000,20549600000,7320700000,7408900000,3098100000,5246500000,14439300000,7996100000,8666900000,2434600000,1068000000,1366600000,943000000,2005400000,88200000,2146500000,1824900000,34079700000,11888100000,1207100000,294900000,1102200000,498900000,21111200000,None,9799700000,603300000,9196400000,10298600000,2036700000,1357600000,9828700000,69400000,11395900000,661000000,1011284000
LLY,2017-12-31,USD,44981000000,19202100000,6536200000,8034100000,4458300000,4546300000,16952400000,8826500000,9264600000,8399300000,4029200000,4370100000,6174900000,5678800000,1497900000,1447500000,1707900000,33388800000,14535900000,1410700000,None,3706600000,2696800000,18777200000,None,10950300000,1009800000,9940500000,13647100000,2832100000,1546300000,11592200000,75800000,13894100000,687900000,1043692000
LLY,2016-12-31,USD,38805900000,15101400000,4582100000,6038600000,3561900000,4029400000,15451900000,8252600000,8525000000,8330600000,4357900000,3972700000,5522900000,5207500000,1456500000,734600000,1913800000,24798200000,10986600000,1349300000,None,1937400000,1299300000,13738800000,None,9005900000,638100000,8367800000,10305200000,2220900000,2228200000,14007700000,80500000,16046300000,688500000,1058096000
PFE,2020-12-31,USD,154229000000,35067000000,1784000000,12221000000,8046000000,7930000000,119062000000,13900000000,14812000000,78048000000,28471000000,49577000000,41674000000,20262000000,10437000000,3605000000,4569000000,90756000000,25920000000,4309000000,1113000000,2703000000,701000000,66516000000,None,4000000000,2002000000,37133000000,4701000000,11527000000,6669000000,63238000000,110988000000,90392000000,470000000,5564000000
PFE,2019-12-31,USD,167594000000,32803000000,1121000000,9646000000,7068000000,8724000000,117481000000,12969000000,14990000000,82138000000,33936000000,48202000000,27007000000,20147000000,8525000000,2357000000,4199000000,104148000000,37304000000,3887000000,None,16195000000,14775000000,68337000000,None,35955000000,1462000000,35955000000,14732000000,9334000000,6894000000,63143000000,110801000000,97670000000,468000000,5533000000
PFE,2018-12-31,USD,159000000000,49926000000,1139000000,18833000000,7508000000,8025000000,108191000000,13385000000,16591000000,78138000000,35211000000,42927000000,19384000000,2586000000,17694000000,12186000000,2798000000,95664000000,31858000000,4674000000,None,8831000000,4066000000,60106000000,None,32909000000,4776000000,32909000000,4055000000,18348000000,27197000000,63407000000,101610000000,89554000000,467000000,5791000000
PFE,2017-12-31,USD,172000000000,41141000000,1342000000,19992000000,7578000000,8221000000,135747000000,13865000000,16172000000,104693000000,48741000000,55952000000,5287000000,7015000000,18650000000,2289000000,3227000000,100141000000,30427000000,4656000000,None,9953000000,6420000000,65814000000,None,33538000000,3546000000,33538000000,6408000000,15831000000,32276000000,71308000000,89425000000,85291000000,464000000,5964000000
PFE,2016-12-31,USD,171615000000,38949000000,2595000000,17850000000,6783000000,8225000000,131537000000,13318000000,14807000000,107097000000,52648000000,54449000000,735000000,7116000000,15255000000,2249000000,3323000000,111776000000,31115000000,4536000000,None,10688000000,6473000000,80660000000,None,31398000000,4225000000,31398000000,31398000000,11023000000,6337000000,59544000000,84364000000,71774000000,461000000,6071000000
KO,2020-12-31,USD,87296000000,19240000000,6795000000,8566000000,3266000000,3144000000,68567000000,10777000000,None,28325000000,10819000000,17506000000,28260000000,19273000000,1771000000,1916000000,6184000000,67997000000,14601000000,4654000000,None,2668000000,2183000000,51411000000,None,40610000000,485000000,40125000000,42793000000,8416000000,9453000000,19299000000,52016000000,66555000000,1760000000,4301000000
KO,2019-12-31,USD,86381000000,20411000000,6480000000,7947000000,3379000000,3971000000,62594000000,10838000000,8083000000,26656000000,9892000000,16764000000,29256000000,19025000000,1467000000,1886000000,6075000000,67400000000,26973000000,3804000000,None,14541000000,10994000000,37137000000,None,31769000000,4253000000,27516000000,42763000000,7922000000,8510000000,18981000000,52244000000,65855000000,1760000000,4285000000
KO,2018-12-31,USD,83216000000,24930000000,9077000000,11102000000,3071000000,3396000000,51609000000,9598000000,8013000000,17164000000,6901000000,14109000000,33442000000,19407000000,2025000000,8508000000,4148000000,66235000000,28782000000,2498000000,None,18060000000,13063000000,34935000000,None,30379000000,5003000000,25376000000,43424000000,8534000000,7646000000,16981000000,51719000000,63234000000,1760000000,17035987226
KO,2017-12-31,USD,87896000000,36545000000,6102000000,15358000000,2655000000,3667000000,50292000000,9638000000,8246000000,16530000000,7129000000,13649000000,38646000000,20999000000,9256000000,9548000000,4230000000,70824000000,27194000000,2288000000,None,16229000000,12931000000,41725000000,None,34480000000,3298000000,31182000000,47411000000,8403000000,8021000000,17072000000,50677000000,60430000000,1760000000,4263000000
KO,2016-12-31,USD,87270000000,34010000000,8555000000,18150000000,2675000000,3856000000,52283000000,10635000000,10621000000,21000000000,10371000000,10629000000,33109000000,16400000000,9595000000,5278000000,4248000000,64208000000,26532000000,2682000000,None,15857000000,12330000000,37518000000,None,33211000000,3527000000,29684000000,45541000000,13208000000,4081000000,23062000000,47988000000,65502000000,1760000000,4302000000
PYPL,2020-12-31,USD,70379000000,50995000000,4794000000,13083000000,None,3346000000,20098000000,1807000000,5202000000,10183000000,1048000000,9135000000,24005000000,6089000000,8289000000,1148000000,1305000000,50316000000,38447000000,252000000,None,None,35418000000,9581000000,None,26900000000,None,8939000000,26900000000,2777000000,None,20019000000,8507000000,12366000000,0,1172000000
PYPL,2019-12-31,USD,51333000000,38495000000,7349000000,10761000000,None,4407000000,13317000000,1693000000,4723000000,6990000000,778000000,6212000000,13340000000,2863000000,3412000000,800000000,1292000000,34404000000,26919000000,232000000,None,0,24527000000,5368000000,None,10000000000,104000000,4965000000,10000000000,2160000000,None,16885000000,6872000000,8342000000,0,1173000000
PYPL,2018-12-31,USD,43332000000,32963000000,7575000000,9109000000,None,2845000000,10369000000,1724000000,4183000000,7109000000,825000000,6284000000,1056000000,971000000,1534000000,947000000,565000000,27946000000,25904000000,281000000,None,1998000000,1998000000,2042000000,None,1998000000,1998000000,0,1998000000,2063000000,None,15386000000,5511000000,5880000000,0,1174000000
PYPL,2017-12-31,USD,40774000000,32645000000,2883000000,5695000000,6398000000,1597000000,8131000000,1528000000,3630000000,4507000000,168000000,4339000000,4252000000,1961000000,2812000000,713000000,133000000,24780000000,22863000000,257000000,None,1000000000,1000000000,1917000000,None,1000000000,1000000000,None,1000000000,1864000000,1917000000,15994000000,2001000000,3823000000,0,1200000000
PYPL,2016-12-31,USD,33103000000,25733000000,1590000000,4975000000,None,5562000000,7370000000,1482000000,3018000000,4270000000,211000000,4059000000,4715000000,1539000000,3385000000,833000000,79000000,18391000000,16878000000,192000000,None,None,15163000000,1513000000,None,None,15163000000,None,None,15364000000,1513000000,14712000000,995000000,2069000000,0,1207000000
CMCSA,2020-12-31,USD,273869000000,26741000000,11740000000,12032000000,None,11466000000,290953000000,51995000000,54388000000,218146000000,147477000000,70669000000,8559000000,7820000000,292000000,3535000000,8103000000,183546000000,28796000000,11364000000,3713000000,3146000000,3146000000,151377000000,None,105409000000,3146000000,125600000000,105409000000,11323000000,18222000000,90323000000,7517000000,56438000000,54000000,4583000000
CMCSA,2019-12-31,USD,263414000000,25392000000,5500000000,7209000000,None,11292000000,281532000000,48322000000,53239000000,215971000000,147246000000,68725000000,9392000000,6989000000,1709000000,4723000000,8866000000,180688000000,30292000000,10826000000,3386000000,4452000000,4452000000,144328000000,None,103890000000,4452000000,115800000000,103890000000,12246000000,16765000000,82726000000,7517000000,50695000000,54000000,4560000000
CMCSA,2018-12-31,USD,251684000000,21848000000,3814000000,3908000000,None,11104000000,275668000000,44437000000,51306000000,217497000000,151343000000,66154000000,7977000000,7883000000,94000000,3184000000,5802000000,180071000000,27603000000,8494000000,2832000000,4398000000,4398000000,123686000000,None,113445000000,4398000000,114100000000,113445000000,12529000000,15329000000,71613000000,7517000000,41983000000,54000000,4539000000
CMCSA,2017-12-31,USD,187462000000,16343000000,3428000000,3447000000,None,8546000000,191886000000,38470000000,49916000000,141696000000,104916000000,36780000000,6950000000,6931000000,19000000,2468000000,4354000000,118846000000,21993000000,6908000000,1552000000,5134000000,5134000000,71135000000,None,66499000000,5134000000,71700000000,66499000000,7949000000,10972000000,68616000000,7517000000,38202000000,55000000,4657000000
CMCSA,2016-12-31,USD,180500000000,16361000000,3301000000,3398000000,None,7955000000,182587000000,36253000000,49694000000,137379000000,101399000000,35980000000,5344000000,5247000000,97000000,2083000000,2769000000,126557000000,21535000000,6915000000,1132000000,5480000000,2781000000,102445000000,None,61371000000,2699000000,66300000000,64152000000,2858000000,10925000000,53943000000,7517000000,23076000000,56000000,2383000000
CSCO,2021-07-31,USD,97497000000,39112000000,9175000000,24518000000,1559000000,10146000000,61733000000,2338000000,8580000000,41787000000,3619000000,38168000000,25994000000,1500000000,15343000000,2889000000,5016000000,56222000000,26257000000,2362000000,44328000000,2508000000,2508000000,30930000000,None,11500000000,2508000000,9018000000,11500000000,4620000000,2393000000,41275000000,None,-654000000,42346000000,4217000000
CSCO,2020-07-25,USD,94853000000,43573000000,11809000000,29419000000,1282000000,10523000000,53504000000,2453000000,8561000000,35382000000,1576000000,33806000000,18888000000,1300000000,17610000000,2349000000,3741000000,56933000000,25331000000,2218000000,40846000000,3005000000,3005000000,32344000000,None,14600000000,3005000000,11578000000,14600000000,4741000000,2147000000,37920000000,None,-2763000000,41202000000,4237000000
CSCO,2019-07-27,USD,97793000000,47755000000,11750000000,33413000000,1383000000,10586000000,52054000000,2789000000,9250000000,35730000000,2201000000,33529000000,22863000000,1200000000,21663000000,2373000000,2496000000,64222000000,31712000000,2059000000,36967000000,10191000000,4193000000,32605000000,None,20500000000,5998000000,14475000000,24693000000,4424000000,1309000000,33571000000,None,-5903000000,40266000000,4250000000
CSCO,2018-07-29,USD,109872000000,61837000000,8934000000,8934000000,1544000000,None,46947000000,3006000000,None,2552000000,2552000000,31706000000,None,4882000000,37614000000,3286000000,1954000000,65580000000,27035000000,None,None,None,5238000000,38545000000,None,20331000000,5238000000,None,25569000000,4446000000,1532000000,43204000000,None,5130000000,42820000000,4881000000
CSCO,2017-07-29,USD,129818000000,83703000000,11708000000,70492000000,1616000000,10002000000,42859000000,3322000000,9497000000,32305000000,2539000000,29766000000,59916000000,983000000,58784000000,1593000000,1511000000,63681000000,27583000000,1385000000,18494000000,7992000000,3245000000,36098000000,None,30472000000,4747000000,25725000000,33717000000,4392000000,1450000000,66137000000,None,20838000000,45253000000,4983000000
MRK,2020-12-31,USD,91588000000,27764000000,8050000000,9849000000,5554000000,7851000000,57535000000,17000000000,18162000000,34842000000,14101000000,18882000000,2843000000,785000000,1787000000,5541000000,10211000000,66271000000,27327000000,4327000000,None,6431000000,4131000000,40219000000,None,27669000000,2300000000,25360000000,31800000000,12212000000,12306000000,25317000000,56787000000,47362000000,1788000000,2530000000
MRK,2019-12-31,USD,84397000000,27483000000,9676000000,12037000000,5978000000,6778000000,52696000000,15053000000,17686000000,33621000000,14196000000,19425000000,5154000000,1469000000,2361000000,4277000000,6771000000,58490000000,22220000000,3738000000,None,3610000000,1474000000,36944000000,None,24826000000,1900000000,22736000000,26300000000,12549000000,11970000000,25907000000,55950000000,46602000000,1788000000,2544000000
MRK,2018-12-31,USD,82637000000,25875000000,7965000000,10214000000,5440000000,7071000000,50625000000,13291000000,16324000000,31357000000,13104000000,18253000000,15303000000,6233000000,2249000000,4500000000,7554000000,55936000000,22206000000,3318000000,None,5308000000,17000000000,31847000000,None,8100000000,5308000000,19806000000,25100000000,10151000000,12041000000,26701000000,50929000000,42579000000,1788000000,2616000000
MRK,2017-12-31,USD,87872000000,24766000000,6092000000,8498000000,5096000000,6873000000,58985000000,12439000000,16602000000,32467000000,14183000000,18284000000,16080000000,12892000000,2406000000,4299000000,6075000000,53536000000,18614000000,3102000000,None,3057000000,57000000,32470000000,None,10700000000,3000000000,21353000000,10700000000,10427000000,11117000000,34336000000,43794000000,41350000000,1788000000,2715000000
MRK,2016-12-31,USD,95377000000,30614000000,6515000000,14341000000,4866000000,7018000000,60741000000,12026000000,15749000000,35467000000,17305000000,18162000000,21889000000,12131000000,7826000000,4389000000,5854000000,55289000000,17204000000,2807000000,None,568000000,268000000,37865000000,None,8701000000,300000000,24274000000,8701000000,10274000000,8514000000,40088000000,40546000000,44133000000,1788000000,2757000000
ABT,2020-12-31,USD,72548000000,20441000000,6838000000,7148000000,5012000000,6414000000,49522000000,9029000000,9764000000,38484000000,14784000000,23744000000,277000000,821000000,310000000,1867000000,None,39764000000,11907000000,3946000000,405000000,220000000,213000000,22548000000,902000000,18534000000,7000000,18527000000,18747000000,7741000000,3684000000,32784000000,10042000000,27627000000,24145000000,1775502000
ABT,2019-12-31,USD,67887000000,15667000000,3860000000,4140000000,4316000000,5425000000,50165000000,8038000000,8761000000,40225000000,17025000000,23200000000,321000000,883000000,280000000,1786000000,52220000000,36799000000,10863000000,3252000000,294000000,1683000000,201000000,20233000000,755000000,17938000000,1277000000,16661000000,18139000000,6133000000,3944000000,31088000000,10147000000,25847000000,23853000000,1768045000
ABT,2018-12-31,USD,67173000000,14632000000,3844000000,4086000000,3796000000,5182000000,50775000000,7563000000,8143000000,42196000000,18942000000,23254000000,325000000,897000000,242000000,1568000000,17000000,36649000000,9012000000,2975000000,259000000,207000000,200000000,21399000000,None,19366000000,7000000,19359000000,19566000000,5830000000,3984000000,30524000000,9962000000,24560000000,23512000000,1760946000
ABT,2017-12-31,USD,76250000000,20147000000,9407000000,9610000000,3601000000,5249000000,54278000000,7607000000,7658000000,45493000000,21473000000,24020000000,235000000,883000000,203000000,1667000000,176000000,45353000000,8912000000,2402000000,198000000,714000000,206000000,38409000000,None,27210000000,508000000,27210000000,27924000000,5796000000,9030000000,30897000000,10225000000,23978000000,23206000000,1748070000
ABT,2016-12-31,USD,52666000000,26776000000,18620000000,18775000000,2434000000,3248000000,23744000000,5705000000,6661000000,12222000000,4539000000,7683000000,58000000,2947000000,155000000,1806000000,2753000000,32128000000,6660000000,1178000000,None,1325000000,1322000000,27573000000,None,20684000000,3000000,20681000000,22006000000,245000000,4549000000,20538000000,10791000000,25565000000,13027000000,1478947000
DHR,2020-12-31,USD,76161000000,13802000000,6035000000,176000000,2292000000,4045000000,63301000000,3262000000,3182000000,56702000000,21282000000,35420000000,203000000,None,176000000,1430000000,2395000000,36395000000,7402000000,2049000000,2817000000,11000000,200000000,37004000000,974000000,21204000000,11000000,21193000000,21204000000,3941000000,7789000000,39766000000,None,27159000000,9000000,711000000
DHR,2019-12-31,USD,62082000000,25596000000,19912300000,20023100000,1628000000,3191400000,37248700000,2302000000,2761000000,32463000000,9750000000,22713000000,144500000,33700000,110800000,864600000,1721000000,31811000000,4932000000,1514400000,1611900000,212000000,54200000,32375900000,796900000,21729000000,157800000,21517000000,21783200000,2359700000,5351000000,30271000000,None,24166000000,8000000,695500000
DHR,2018-12-31,USD,47833000000,7093800000,787800000,936700000,1631400000,3489600000,40738700000,2250000000,2453100000,32863800000,10282800000,22581000000,187200000,38300000,148900000,906300000,571000000,19618100000,4841500000,1712800000,799000000,51800000,51800000,20009000000,None,9740300000,51800000,9688500000,9792100000,2391700000,4701600000,28214400000,None,25163000000,8200000,701500000
DHR,2017-12-31,USD,46648600000,6850000000,630300000,630300000,1840800000,3521800000,39798600000,2223400000,2519400000,33435700000,11667100000,21768600000,45400000,45400000,0,857100000,538300000,20290400000,4792300000,1509900000,770900000,194700000,194700000,17220000000,None,10522100000,194700000,10327400000,10522100000,2421700000,5161100000,26358200000,None,22806100000,8100000,696600000
DHR,2016-12-31,USD,45295300000,6665100000,963700000,963700000,1709400000,3186100000,38630200000,2354000000,1963300000,35644900000,11818000000,23826900000,170100000,170100000,None,805900000,631300000,22292500000,6874000000,1485000000,632500000,2594800000,2594800000,17244700000,None,12269000000,2594800000,9674200000,12269000000,1644300000,5670300000,23002800000,None,20703500000,8100000,692200000
COST,2021-08-29,USD,59268000000,29505000000,11258000000,12175000000,14215000000,1803000000,30759000000,23492000000,14166000000,996000000,None,996000000,1453000000,None,917000000,1312000000,3381000000,41190000000,29441000000,16278000000,2042000000,1798000000,999000000,10995000000,None,7531000000,799000000,6692000000,8530000000,4561000000,2415000000,17564000000,None,11666000000,4000000,441825000
COST,2020-08-30,USD,55556000000,28120000000,12277000000,13305000000,12242000000,1550000000,29016000000,21807000000,12896000000,988000000,None,988000000,1028000000,None,1028000000,1023000000,2841000000,36851000000,24844000000,14172000000,1851000000,936000000,810000000,12923000000,657000000,7657000000,95000000,7514000000,8467000000,3728000000,1935000000,18284000000,None,12879000000,4000000,441255000
COST,2019-09-01,USD,45400000000,23485000000,8384000000,9444000000,11395000000,1535000000,21915000000,20890000000,11736000000,53000000,None,53000000,None,None,1060000000,1111000000,1025000000,29816000000,23237000000,11679000000,1711000000,1699000000,673000000,6579000000,None,6852000000,1699000000,5124000000,6852000000,3792000000,1455000000,15243000000,None,10258000000,4000000,439625000
COST,2018-09-02,USD,40830000000,20289000000,6055000000,7259000000,11040000000,1669000000,20541000000,19681000000,11033000000,None,None,None,None,None,1204000000,321000000,860000000,27727000000,19926000000,11237000000,1624000000,90000000,463000000,7801000000,None,6613000000,90000000,6487000000,6613000000,2924000000,1314000000,12799000000,None,7887000000,4000000,438189000
COST,2017-09-03,USD,36347000000,17317000000,4546000000,5779000000,9834000000,1432000000,19030000000,18161000000,10180000000,None,None,None,None,None,1233000000,272000000,869000000,25268000000,17495000000,9608000000,1498000000,86000000,383000000,7773000000,None,6659000000,86000000,6573000000,6659000000,2725000000,1200000000,10778000000,None,5988000000,4000000,437204000
PEP,2020-12-31,USD,92918000000,23001000000,8185000000,9551000000,4172000000,8404000000,71656000000,21369000000,24971000000,38072000000,19315000000,18757000000,4892000000,2792000000,1366000000,874000000,3312000000,79366000000,23372000000,8853000000,None,3780000000,3780000000,57227000000,460000000,43728000000,3780000000,40370000000,47508000000,3855000000,11340000000,13454000000,38446000000,63443000000,23000000,1379000000
PEP,2019-12-31,USD,78547000000,17645000000,5509000000,5738000000,3338000000,7822000000,62511000000,19305000000,23698000000,31544000000,16043000000,15501000000,2683000000,2683000000,229000000,747000000,3011000000,63679000000,20461000000,8013000000,None,2920000000,2920000000,44336000000,442000000,31996000000,442000000,29148000000,34916000000,3135000000,9979000000,14786000000,36769000000,61946000000,23000000,1393000000
PEP,2018-12-31,USD,77648000000,21893000000,8721000000,8993000000,3128000000,7142000000,51442000000,17589000000,22575000000,30633000000,15825000000,14808000000,2409000000,2409000000,272000000,2630000000,760000000,63046000000,22138000000,7213000000,None,4026000000,4026000000,37409000000,None,32248000000,4026000000,28295000000,36274000000,3277000000,9114000000,14518000000,34286000000,59947000000,23000000,1409000000
PEP,2017-12-31,USD,79804000000,31027000000,10610000000,19510000000,2947000000,7024000000,48823000000,17240000000,21866000000,28582000000,13838000000,14744000000,2042000000,2042000000,8900000000,1546000000,913000000,68823000000,20502000000,6727000000,None,5485000000,5485000000,48321000000,None,37816000000,5485000000,33796000000,43301000000,2954000000,11283000000,11045000000,-32954000000,52839000000,24000000,1419000000
PEP,2016-12-31,USD,73490000000,26450000000,9158000000,16125000000,2723000000,6694000000,47125000000,16591000000,20227000000,27863000000,13433000000,14430000000,1950000000,1950000000,6967000000,29410000000,636000000,62291000000,21135000000,6158000000,None,6892000000,6892000000,41795000000,None,34454000000,6892000000,30053000000,41346000000,2774000000,6669000000,11246000000,-31468000000,52518000000,24000000,1427000000
CVX,2020-12-31,USD,239790000000,26078000000,5596000000,327000000,5676000000,11471000000,66459000000,156618000000,None,4402000000,None,4402000000,39453000000,39052000000,327000000,3304000000,11950000000,107064000000,22183000000,10950000000,None,11373000000,1548000000,79045000000,447000000,30800000000,2600000000,1690000000,32348000000,-2884000000,63095000000,131688000000,41498000000,160377000000,1832000000,1925186317
CVX,2019-12-31,USD,237428000000,28329000000,0,349000000,5848000000,13325000000,64548000000,150494000000,None,4463000000,None,4463000000,39048000000,38688000000,349000000,3407000000,10532000000,92220000000,26530000000,14103000000,None,13032000000,3282000000,56837000000,282000000,13659000000,5054000000,None,16941000000,9145000000,44136000000,144213000000,44599000000,174945000000,1832000000,1882168101
CVX,2018-12-31,USD,253863000000,34021000000,9342000000,9680000000,5704000000,15050000000,218777000000,169207000000,171037000000,4518000000,None,4518000000,36167000000,35546000000,338000000,2922000000,6766000000,98221000000,27171000000,13953000000,None,15626000000,5726000000,19738000000,None,18706000000,5000000000,None,24432000000,7492000000,48475000000,154554000000,41593000000,180987000000,1832000000,1902838000
CVX,2017-12-31,USD,253806000000,28560000000,4813000000,4822000000,5585000000,15353000000,224606000000,177712000000,166773000000,4531000000,4531000000,4531000000,32519000000,32497000000,9000000,2800000000,7017000000,104487000000,27737000000,14565000000,None,15192000000,5192000000,89978000000,94000000,30234000000,6720000000,33477000000,35426000000,7980000000,None,148124000000,40833000000,174106000000,1832000000,1904702000
CVX,2016-12-31,USD,260078000000,29619000000,6988000000,7001000000,5419000000,14092000000,226340000000,182186000000,153891000000,4581000000,4581000000,4581000000,30282000000,30250000000,13000000,3107000000,6838000000,113356000000,31785000000,13986000000,None,19840000000,10840000000,95018000000,93000000,32490000000,6253000000,35193000000,43330000000,1050000000,None,145556000000,41834000000,173046000000,1832000000,1891507000
VZ,2020-12-31,USD,316481000000,54594000000,22171000000,22171000000,1796000000,23917000000,263014000000,94833000000,184904000000,130283000000,105510000000,24773000000,18548000000,589000000,589000000,6710000000,10879000000,281868000000,39660000000,6667000000,10441000000,5889000000,320000000,207549000000,916000000,128742000000,5889000000,None,129062000000,9628000000,12008000000,67507000000,6719000000,60464000000,429000000,4143000000
VZ,2019-12-31,USD,291727000000,37473000000,2594000000,2594000000,1422000000,25429000000,255193000000,91915000000,173819000000,128946000000,104557000000,24389000000,20051000000,558000000,None,8028000000,10141000000,263005000000,44868000000,7725000000,9958000000,10777000000,0,184024000000,780000000,111489000000,10777000000,None,111489000000,9024000000,12264000000,61173000000,6820000000,53147000000,429000000,4138000000
VZ,2018-12-31,USD,264829000000,34636000000,2745000000,2745000000,1336000000,25102000000,230193000000,89286000000,163549000000,128519000000,103905000000,24614000000,671000000,671000000,None,5453000000,11717000000,262123000000,37930000000,7232000000,None,7190000000,150000000,172189000000,None,112913000000,7040000000,None,113063000000,19301000000,32521000000,52792000000,6986000000,43542000000,429000000,4137000000
VZ,2017-12-31,USD,257143000000,29913000000,2079000000,2079000000,1034000000,23493000000,227230000000,88568000000,157930000000,127836000000,98664000000,29172000000,1039000000,1039000000,74000000,3307000000,9787000000,226874000000,33037000000,7063000000,None,3453000000,150000000,179419000000,None,116945000000,3303000000,None,117095000000,19437000000,34545000000,42680000000,7139000000,35635000000,424000000,4087000000
VZ,2016-12-31,USD,244180000000,26395000000,2880000000,2880000000,1202000000,17513000000,217785000000,84751000000,147464000000,122775000000,95570000000,27205000000,1110000000,1110000000,None,4800000000,8536000000,233698000000,30340000000,7084000000,None,2645000000,168000000,189808000000,None,106960000000,2477000000,None,107128000000,8102000000,12245000000,22075000000,7263000000,15059000000,424000000,4080000000
ABBV,2020-12-31,USD,150565000000,24173000000,8449000000,8479000000,3310000000,8822000000,126392000000,5248000000,5611000000,116000000000,82876000000,33124000000,None,293000000,30000000,3562000000,4851000000,137489000000,28661000000,2276000000,None,8502000000,34000000,130734000000,None,84948000000,8468000000,None,84982000000,17883000000,27607000000,13076000000,2264000000,1055000000,18000000,1769000000
ABBV,2019-12-31,USD,89115000000,49519000000,39924000000,39924000000,1813000000,5428000000,39596000000,2962000000,5226000000,34253000000,18649000000,15604000000,None,93000000,0,2354000000,2288000000,102962000000,15585000000,1452000000,None,3753000000,0,80572000000,None,67233000000,3753000000,None,67233000000,10380000000,17597000000,-8172000000,24504000000,4717000000,18000000,1484000000
ABBV,2018-12-31,USD,59352000000,16945000000,7289000000,8061000000,1605000000,5872000000,42407000000,2883000000,5513000000,36896000000,21233000000,15663000000,None,1420000000,772000000,1895000000,1208000000,74183000000,17239000000,1546000000,None,5308000000,3699000000,49492000000,None,35002000000,1609000000,None,3699000000,10385000000,1307000000,-8446000000,24108000000,3368000000,18000000,1496000000
ABBV,2017-12-31,USD,70786000000,21223000000,9303000000,9789000000,1605000000,2042000000,49563000000,2803000000,5268000000,43344000000,27559000000,15785000000,2528000000,2090000000,486000000,4741000000,1326000000,65689000000,16641000000,1474000000,None,6415000000,400000000,46558000000,None,30953000000,6015000000,None,400000000,8752000000,1241000000,5097000000,11923000000,5459000000,18000000,1596000000
ABBV,2016-12-31,USD,66099000000,16187000000,5100000000,6423000000,1444000000,-72000000,49912000000,2604000000,4922000000,44313000000,28897000000,15416000000,2050000000,1783000000,1323000000,3562000000,1212000000,61463000000,9781000000,1407000000,None,402000000,377000000,44792000000,None,36440000000,25000000,None,377000000,4007000000,1160000000,4636000000,10852000000,4378000000,18000000,1616000000
INTC,2020-12-31,USD,153091000000,47249000000,5865000000,2292000000,8427000000,6913000000,103760000000,56584000000,77645000000,35997000000,9026000000,26971000000,27772000000,2210000000,2292000000,2745000000,5917000000,72053000000,24754000000,5581000000,3242000000,2504000000,2504000000,43456000000,None,36401000000,2500000000,33897000000,36401000000,12670000000,3614000000,81038000000,None,56233000000,25556000000,4062000000
INTC,2019-12-31,USD,136524000000,31239000000,4194000000,1082000000,8744000000,7735000000,103550000000,55386000000,73321000000,37103000000,10827000000,26276000000,15851000000,3313000000,1082000000,1713000000,5553000000,59020000000,22310000000,4128000000,3409000000,3693000000,3693000000,34511000000,None,29003000000,3700000000,25308000000,29003000000,10636000000,2916000000,77504000000,None,53523000000,25261000000,4290000000
INTC,2018-12-31,USD,127963000000,28787000000,3019000000,5807000000,7253000000,6884000000,96744000000,48976000000,65342000000,36349000000,11836000000,24513000000,16370000000,5012000000,2788000000,3162000000,4421000000,53400000000,16626000000,3824000000,4758000000,1261000000,500000000,36355000000,None,25859000000,761000000,25098000000,26359000000,7919000000,2646000000,74563000000,None,50172000000,25365000000,4516000000
INTC,2017-12-31,USD,123249000000,29500000000,3433000000,14002000000,6983000000,5678000000,107013000000,41109000000,59286000000,37134000000,12745000000,24389000000,24418000000,12404000000,10569000000,2908000000,3215000000,53596000000,17421000000,2928000000,1656000000,1776000000,37000000,40012000000,None,26776000000,1739000000,25037000000,26813000000,7535000000,3791000000,69653000000,None,42083000000,26074000000,4687000000
INTC,2016-12-31,USD,113327000000,35508000000,5560000000,17099000000,5553000000,4776000000,93440000000,36171000000,53934000000,23593000000,9494000000,14099000000,30422000000,15322000000,11539000000,2956000000,7159000000,47101000000,20302000000,2475000000,1783000000,4634000000,4634000000,26042000000,None,25258000000,4609000000,20649000000,29892000000,6090000000,3538000000,66226000000,None,40747000000,25373000000,4730000000
WFC,2020-12-31,USD,1952911000000,410100000000,264612000000,373716000000,159000000,None,32352000000,7391000000,None,28046000000,1654000000,26392000000,1469193000000,563467000000,109104000000,-515592000000,-591824000000,1767199000000,58999000000,None,None,58999000000,58999000000,4200000000,28000000,212950000000,58999000000,None,271949000000,46362000000,None,184680000000,67791000000,162683000000,9136000000,4137800000
WFC,2019-12-31,USD,1927555000000,262919000000,141250000000,262919000000,303000000,None,42290000000,9309000000,None,28257000000,1867000000,26390000000,573334000000,952714000000,121669000000,-148630000000,1009373000000,1739571000000,104512000000,None,None,104512000000,104512000000,11578000000,32000000,228191000000,12109000000,None,332703000000,1500141000000,None,187146000000,68831000000,166697000000,9136000000,4195100000
WFC,2018-12-31,USD,1895883000000,289999000000,173287000000,272832000000,451000000,None,37340000000,8920000000,11169000000,28420000000,2002000000,26418000000,544766000000,1453920000000,99545000000,-185092000000,996563000000,1698817000000,105787000000,None,None,105787000000,105787000000,3900000000,36000000,229044000000,13357000000,None,334831000000,1457352000000,None,196166000000,47194000000,158163000000,9136000000,4664400000
WFC,2017-12-31,USD,1951757000000,237151000000,215947000000,216973000000,642000000,None,61997000000,8847000000,11300000000,29635000000,3048000000,26587000000,942292000000,23515000000,1026000000,-31980000000,1039580000000,1743678000000,103256000000,None,None,103256000000,103256000000,3600000000,39000000,225020000000,14572000000,None,328276000000,1505268000000,None,206936000000,29892000000,145263000000,9136000000,4912100000
WFC,2016-12-31,USD,1930115000000,254941000000,221400000000,228552000000,978000000,None,63260000000,8333000000,10852000000,30822000000,4129000000,26693000000,989139000000,24105000000,7152000000,31924000000,1012378000000,1729618000000,96781000000,None,None,96781000000,96781000000,3600000000,7000000,255077000000,18657000000,None,351858000000,1306079000000,None,199581000000,22713000000,133075000000,9136000000,5025500000
MCD,2020-12-31,USD,52626800000,6243200000,3449100000,3449100000,51100000,2110300000,46383600000,24958200000,16518300000,2773100000,691200000,2773100000,1297200000,1297200000,1297000000,632700000,3527400000,76694800000,6181200000,741300000,702000000,2243600000,2945100000,54270500000,13321300000,37400000000,2243600000,35196800000,37400000000,2494800000,1054100000,-7824900000,67066400000,53908100000,16600000,745200000
MCD,2019-12-31,USD,47510800000,3557900000,898500000,898500000,50200000,2224200000,43952900000,24160000000,14890900000,2677400000,None,2677400000,1270300000,1270300000,None,385000000,2584000000,69552600000,3621000000,988200000,660600000,680100000,0,50782000000,13378800000,34177200000,59100000,34118100000,34177200000,2573700000,979600000,-8210300000,66328600000,52930500000,16600000,749200000
MCD,2018-12-31,USD,32811200000,4053200000,866000000,866000000,51100000,2441500000,28758000000,22842700000,14350900000,2331500000,None,2331500000,1202800000,1202800000,None,694600000,2381000000,40640700000,2973500000,1207900000,627800000,None,100000,36096100000,None,31075300000,0,31075300000,31075300000,1765600000,1096300000,-6258400000,61528500000,50487000000,16600000,769500000
MCD,2017-12-31,USD,33803700000,5327200000,2463800000,2463800000,58800000,1976200000,28476500000,22448300000,14178100000,2379700000,2379700000,2379700000,1085700000,1085700000,None,828400000,2562800000,38537500000,2890600000,924800000,0,None,300000,34181100000,None,29536400000,0,29536400000,29536400000,1965800000,1154400000,-3268000000,56504400000,48325800000,16600000,794300000
MCD,2016-12-31,USD,31023900000,4848600000,1223400000,1223400000,58900000,1474100000,26175300000,21257600000,13185800000,2336500000,2336500000,2336500000,725900000,725900000,None,5154600000,1855300000,34419500000,3468300000,756000000,None,77200000,77200000,29759900000,None,25955700000,77200000,25878500000,25955700000,694800000,1053700000,-2204300000,52108600000,46222700000,16600000,823700000
MS,2020-12-31,USD,1115862000000,118467000000,105654000000,105654000000,None,None,21034000000,4419000000,None,16615000000,4980000000,11635000000,441524000000,12813000000,110383000000,-97737000000,-362314000000,1012713000000,58318000000,None,None,50587000000,3691000000,652734000000,None,213388000000,0,None,217079000000,326645000000,435655000000,101781000000,9767000000,78694000000,20000000,1809624144
MS,2019-12-31,USD,895429000000,62236000000,82171000000,49659000000,None,None,13248000000,3998000000,None,9250000000,2107000000,7143000000,331865000000,12577000000,88224000000,12011000000,427154000000,812732000000,62706000000,None,None,54200000000,2567000000,192627000000,None,190060000000,20402000000,None,192627000000,420852000000,385390000000,81549000000,18727000000,70589000000,20000000,1594000000
MS,2018-12-31,USD,853531000000,102960000000,87196000000,87196000000,None,None,11283000000,None,None,8851000000,2163000000,6688000000,239750000000,2432000000,98522000000,194774000000,358914000000,772125000000,61667000000,None,None,49759000000,1545000000,189662000000,None,188117000000,24694000000,None,189662000000,402519000000,356065000000,80246000000,13971000000,64175000000,20000000,1699828943
MS,2017-12-31,USD,851733000000,91568000000,80395000000,80395000000,374508000000,None,11668000000,None,None,9045000000,2448000000,6597000000,236248000000,2623000000,78802000000,70997000000,383189000000,773267000000,70016000000,None,None,56424000000,1519000000,192582000000,None,191063000000,23870000000,None,192582000000,388731000000,379229000000,77391000000,9211000000,57577000000,20000000,1788086805
MS,2016-12-31,USD,814949000000,55925000000,77360000000,43381000000,None,None,12135000000,None,None,9298000000,2721000000,6577000000,263771000000,2837000000,None,None,None,737772000000,16785000000,None,None,941000000,941000000,None,None,164775000000,26127000000,38736000000,165716000000,None,None,76050000000,5797000000,53679000000,20000000,1852481601
T,2020-12-31,USD,525761000000,52008000000,9740000000,9740000000,3592000000,20215000000,373263000000,14752000000,None,322833000000,187574000000,135259000000,3259000000,1780000000,1780000000,20231000000,23617000000,370100000000,63438000000,31836000000,12950000000,3470000000,0,260881000000,1847000000,155209000000,3281000000,None,155209000000,6176000000,28358000000,161673000000,17910000000,37457000000,7621000000,7148000000
T,2019-12-31,USD,551669000000,54761000000,12130000000,12130000000,2864000000,22636000000,533792000000,130128000000,203410000000,350390000000,204149000000,146241000000,5139000000,3695000000,54000000,18364000000,22754000000,368233000000,68911000000,29640000000,12938000000,11838000000,4000000,258852000000,1872000000,161109000000,11672000000,None,161113000000,6124000000,29421000000,184221000000,13085000000,57936000000,7621000000,7313000000
T,2018-12-31,USD,531864000000,51427000000,5204000000,5204000000,2771000000,26472000000,468303000000,131473000000,199217000000,305064000000,158694000000,146370000000,7115000000,6245000000,8000000,17704000000,24809000000,416994000000,64420000000,27018000000,12608000000,10255000000,3065000000,273560000000,None,172040000000,7190000000,None,175092000000,5948000000,30233000000,184089000000,12059000000,58753000000,7621000000,7303000000
T,2017-12-31,USD,444097000000,79146000000,50498000000,50498000000,2225000000,16522000000,370866000000,125222000000,188277000000,225609000000,120160000000,105449000000,1560000000,1560000000,1000000,10757000000,18444000000,355832000000,81389000000,24439000000,None,38374000000,2000000,220701000000,None,167879000000,38372000000,None,167881000000,14363000000,19747000000,140861000000,12714000000,50500000000,6495000000,6164000000
T,2016-12-31,USD,403821000000,38369000000,5788000000,5788000000,2039000000,16794000000,373720000000,124899000000,194749000000,228605000000,123398000000,105207000000,1674000000,1674000000,245000000,14232000000,16812000000,347728000000,50576000000,22027000000,None,9832000000,4000000,229135000000,None,130540000000,9828000000,None,130544000000,12600000000,21748000000,123135000000,12659000000,34734000000,6495000000,6159000000
TXN,2020-12-31,USD,19351000000,10239000000,3107000000,6568000000,1955000000,1414000000,9327000000,3269000000,2512000000,4514000000,152000000,4362000000,None,49000000,3461000000,302000000,618000000,10164000000,2390000000,415000000,None,550000000,0,8462000000,249000000,6798000000,550000000,6248000000,6800000000,524000000,1305000000,9187000000,36578000000,42051000000,1741000000,921000000
TXN,2019-12-31,USD,18018000000,8761000000,2437000000,5387000000,2001000000,1074000000,9797000000,3303000000,2437000000,4702000000,340000000,4362000000,4921000000,300000000,2950000000,299000000,468000000,9111000000,2123000000,388000000,None,573000000,500000000,7848000000,259000000,5803000000,500000000,5303000000,5800000000,475000000,1514000000,8907000000,34495000000,39898000000,1741000000,933000000
TXN,2018-12-31,USD,17137000000,8097000000,2438000000,4233000000,2217000000,1207000000,8882000000,3183000000,2242000000,4990000000,628000000,4362000000,3838000000,251000000,1795000000,440000000,140000000,8143000000,2474000000,478000000,None,749000000,0,5915000000,None,5068000000,749000000,4319000000,5068000000,420000000,1190000000,8994000000,32130000000,37906000000,1741000000,952000000
TXN,2017-12-31,USD,17642000000,8734000000,1656000000,4469000000,1957000000,1278000000,8770000000,2664000000,2125000000,5308000000,946000000,4362000000,None,268000000,2813000000,1030000000,86000000,7305000000,2258000000,466000000,None,500000000,0,5302000000,None,4077000000,500000000,3577000000,4077000000,442000000,1303000000,10337000000,27458000000,34662000000,1741000000,985000000
TXN,2016-12-31,USD,16431000000,7457000000,1154000000,3490000000,1790000000,1267000000,8749000000,2512000000,2411000000,5626000000,1264000000,4362000000,3254000000,235000000,2336000000,910000000,79000000,5958000000,2264000000,396000000,None,631000000,0,3140000000,None,3609000000,631000000,2978000000,3609000000,444000000,554000000,10473000000,25523000000,33107000000,1741000000,1000000000

